Date,Close
2015-01-02 00:00:00-05:00,24.1717586517334
2015-01-05 00:00:00-05:00,23.490798950195312
2015-01-06 00:00:00-05:00,23.493005752563477
2015-01-07 00:00:00-05:00,23.822433471679688
2015-01-08 00:00:00-05:00,24.73774528503418
2015-01-09 00:00:00-05:00,24.764272689819336
2015-01-12 00:00:00-05:00,24.154075622558594
2015-01-13 00:00:00-05:00,24.368528366088867
2015-01-14 00:00:00-05:00,24.27566146850586
2015-01-15 00:00:00-05:00,23.6168212890625
2015-01-16 00:00:00-05:00,23.433317184448242
2015-01-20 00:00:00-05:00,24.036890029907227
2015-01-21 00:00:00-05:00,24.220399856567383
2015-01-22 00:00:00-05:00,24.850500106811523
2015-01-23 00:00:00-05:00,24.978731155395508
2015-01-26 00:00:00-05:00,25.005266189575195
2015-01-27 00:00:00-05:00,24.129749298095703
2015-01-28 00:00:00-05:00,25.493877410888672
2015-01-29 00:00:00-05:00,26.287580490112305
2015-01-30 00:00:00-05:00,25.902894973754883
2015-02-02 00:00:00-05:00,26.227893829345703
2015-02-03 00:00:00-05:00,26.23231315612793
2015-02-04 00:00:00-05:00,26.43350601196289
2015-02-05 00:00:00-05:00,26.622177124023438
2015-02-06 00:00:00-05:00,26.397987365722656
2015-02-09 00:00:00-05:00,26.573345184326172
2015-02-10 00:00:00-05:00,27.083852767944336
2015-02-11 00:00:00-05:00,27.71866798400879
2015-02-12 00:00:00-05:00,28.069372177124023
2015-02-13 00:00:00-05:00,28.206995010375977
2015-02-17 00:00:00-05:00,28.373462677001953
2015-02-18 00:00:00-05:00,28.571006774902344
2015-02-19 00:00:00-05:00,28.511075973510742
2015-02-20 00:00:00-05:00,28.744140625
2015-02-23 00:00:00-05:00,29.521005630493164
2015-02-24 00:00:00-05:00,29.336782455444336
2015-02-25 00:00:00-05:00,28.586538314819336
2015-02-26 00:00:00-05:00,28.948345184326172
2015-02-27 00:00:00-05:00,28.513294219970703
2015-03-02 00:00:00-05:00,28.653133392333984
2015-03-03 00:00:00-05:00,28.71306037902832
2015-03-04 00:00:00-05:00,28.531051635742188
2015-03-05 00:00:00-05:00,28.058279037475586
2015-03-06 00:00:00-05:00,28.100440979003906
2015-03-09 00:00:00-04:00,28.220304489135742
2015-03-10 00:00:00-04:00,27.63654136657715
2015-03-11 00:00:00-04:00,27.132694244384766
2015-03-12 00:00:00-04:00,27.62322425842285
2015-03-13 00:00:00-04:00,27.432336807250977
2015-03-16 00:00:00-04:00,27.734209060668945
2015-03-17 00:00:00-04:00,28.198102951049805
2015-03-18 00:00:00-04:00,28.51551628112793
2015-03-19 00:00:00-04:00,28.300207138061523
2015-03-20 00:00:00-04:00,27.9450740814209
2015-03-23 00:00:00-04:00,28.235837936401367
2015-03-24 00:00:00-04:00,28.120420455932617
2015-03-25 00:00:00-04:00,27.385725021362305
2015-03-26 00:00:00-04:00,27.57661247253418
2015-03-27 00:00:00-04:00,27.356874465942383
2015-03-30 00:00:00-04:00,28.049394607543945
2015-03-31 00:00:00-04:00,27.61878776550293
2015-04-01 00:00:00-04:00,27.57883071899414
2015-04-02 00:00:00-04:00,27.81633186340332
2015-04-06 00:00:00-04:00,28.266918182373047
2015-04-07 00:00:00-04:00,27.969484329223633
2015-04-08 00:00:00-04:00,27.87848472595215
2015-04-09 00:00:00-04:00,28.091567993164062
2015-04-10 00:00:00-04:00,28.211429595947266
2015-04-13 00:00:00-04:00,28.155929565429688
2015-04-14 00:00:00-04:00,28.033855438232422
2015-04-15 00:00:00-04:00,28.140403747558594
2015-04-16 00:00:00-04:00,28.0049991607666
2015-04-17 00:00:00-04:00,27.68981170654297
2015-04-20 00:00:00-04:00,28.322404861450195
2015-04-21 00:00:00-04:00,28.16925621032715
2015-04-22 00:00:00-04:00,28.548810958862305
2015-04-23 00:00:00-04:00,28.781871795654297
2015-04-24 00:00:00-04:00,28.917266845703125
2015-04-27 00:00:00-04:00,29.443315505981445
2015-04-28 00:00:00-04:00,28.979421615600586
2015-04-29 00:00:00-04:00,28.55324935913086
2015-04-30 00:00:00-04:00,27.77859878540039
2015-05-01 00:00:00-04:00,28.622051239013672
2015-05-04 00:00:00-04:00,28.56656265258789
2015-05-05 00:00:00-04:00,27.922870635986328
2015-05-06 00:00:00-04:00,27.747526168823242
2015-05-07 00:00:00-04:00,27.91915512084961
2015-05-08 00:00:00-04:00,28.445173263549805
2015-05-11 00:00:00-04:00,28.155412673950195
2015-05-12 00:00:00-04:00,28.055118560791016
2015-05-13 00:00:00-04:00,28.08631706237793
2015-05-14 00:00:00-04:00,28.741609573364258
2015-05-15 00:00:00-04:00,28.70149803161621
2015-05-18 00:00:00-04:00,29.017995834350586
2015-05-19 00:00:00-04:00,28.991256713867188
2015-05-20 00:00:00-04:00,28.989013671875
2015-05-21 00:00:00-04:00,29.285465240478516
2015-05-22 00:00:00-04:00,29.541780471801758
2015-05-26 00:00:00-04:00,28.890953063964844
2015-05-27 00:00:00-04:00,29.43034553527832
2015-05-28 00:00:00-04:00,29.372390747070312
2015-05-29 00:00:00-04:00,29.038057327270508
2015-06-01 00:00:00-04:00,29.09600257873535
2015-06-02 00:00:00-04:00,28.96673011779785
2015-06-03 00:00:00-04:00,29.00238609313965
2015-06-04 00:00:00-04:00,28.832996368408203
2015-06-05 00:00:00-04:00,28.674741744995117
2015-06-08 00:00:00-04:00,28.48529052734375
2015-06-09 00:00:00-04:00,28.40058135986328
2015-06-10 00:00:00-04:00,28.726009368896484
2015-06-11 00:00:00-04:00,28.6613712310791
2015-06-12 00:00:00-04:00,28.344877243041992
2015-06-15 00:00:00-04:00,28.289140701293945
2015-06-16 00:00:00-04:00,28.440711975097656
2015-06-17 00:00:00-04:00,28.373844146728516
2015-06-18 00:00:00-04:00,28.50312042236328
2015-06-19 00:00:00-04:00,28.217815399169922
2015-06-22 00:00:00-04:00,28.442934036254883
2015-06-23 00:00:00-04:00,28.31365966796875
2015-06-24 00:00:00-04:00,28.55438995361328
2015-06-25 00:00:00-04:00,28.418420791625977
2015-06-26 00:00:00-04:00,28.251256942749023
2015-06-29 00:00:00-04:00,27.756437301635742
2015-06-30 00:00:00-04:00,27.957046508789062
2015-07-01 00:00:00-04:00,28.217815399169922
2015-07-02 00:00:00-04:00,28.18216323852539
2015-07-06 00:00:00-04:00,28.08409309387207
2015-07-07 00:00:00-04:00,28.014999389648438
2015-07-08 00:00:00-04:00,27.319576263427734
2015-07-09 00:00:00-04:00,26.762353897094727
2015-07-10 00:00:00-04:00,27.47783088684082
2015-07-13 00:00:00-04:00,28.00830841064453
2015-07-14 00:00:00-04:00,27.99716567993164
2015-07-15 00:00:00-04:00,28.266860961914062
2015-07-16 00:00:00-04:00,28.643539428710938
2015-07-17 00:00:00-04:00,28.890953063964844
2015-07-20 00:00:00-04:00,29.437034606933594
2015-07-21 00:00:00-04:00,29.14280891418457
2015-07-22 00:00:00-04:00,27.910240173339844
2015-07-23 00:00:00-04:00,27.89686393737793
2015-07-24 00:00:00-04:00,27.749755859375
2015-07-27 00:00:00-04:00,27.36416244506836
2015-07-28 00:00:00-04:00,27.500118255615234
2015-07-29 00:00:00-04:00,27.41318702697754
2015-07-30 00:00:00-04:00,27.274999618530273
2015-07-31 00:00:00-04:00,27.0364990234375
2015-08-03 00:00:00-04:00,26.399045944213867
2015-08-04 00:00:00-04:00,25.55206298828125
2015-08-05 00:00:00-04:00,25.721458435058594
2015-08-06 00:00:00-04:00,25.77742576599121
2015-08-07 00:00:00-04:00,25.864749908447266
2015-08-10 00:00:00-04:00,26.80512809753418
2015-08-11 00:00:00-04:00,25.410234451293945
2015-08-12 00:00:00-04:00,25.802061080932617
2015-08-13 00:00:00-04:00,25.78191375732422
2015-08-14 00:00:00-04:00,25.963272094726562
2015-08-17 00:00:00-04:00,26.231950759887695
2015-08-18 00:00:00-04:00,26.08418083190918
2015-08-19 00:00:00-04:00,25.750566482543945
2015-08-20 00:00:00-04:00,25.222166061401367
2015-08-21 00:00:00-04:00,23.679502487182617
2015-08-24 00:00:00-04:00,23.08841323852539
2015-08-25 00:00:00-04:00,23.22722053527832
2015-08-26 00:00:00-04:00,24.55942153930664
2015-08-27 00:00:00-04:00,25.282615661621094
2015-08-28 00:00:00-04:00,25.365461349487305
2015-08-31 00:00:00-04:00,25.246793746948242
2015-09-01 00:00:00-04:00,24.11834716796875
2015-09-02 00:00:00-04:00,25.15275764465332
2015-09-03 00:00:00-04:00,24.71167755126953
2015-09-04 00:00:00-04:00,24.46538734436035
2015-09-08 00:00:00-04:00,25.146038055419922
2015-09-09 00:00:00-04:00,24.66241455078125
2015-09-10 00:00:00-04:00,25.204252243041992
2015-09-11 00:00:00-04:00,25.571447372436523
2015-09-14 00:00:00-04:00,25.817731857299805
2015-09-15 00:00:00-04:00,26.03491973876953
2015-09-16 00:00:00-04:00,26.064023971557617
2015-09-17 00:00:00-04:00,25.506513595581055
2015-09-18 00:00:00-04:00,25.40127944946289
2015-09-21 00:00:00-04:00,25.79534149169922
2015-09-22 00:00:00-04:00,25.390090942382812
2015-09-23 00:00:00-04:00,25.596078872680664
2015-09-24 00:00:00-04:00,25.748321533203125
2015-09-25 00:00:00-04:00,25.683399200439453
2015-09-28 00:00:00-04:00,25.17514419555664
2015-09-29 00:00:00-04:00,24.418367385864258
2015-09-30 00:00:00-04:00,24.695999145507812
2015-10-01 00:00:00-04:00,24.534799575805664
2015-10-02 00:00:00-04:00,24.713912963867188
2015-10-05 00:00:00-04:00,24.80347442626953
2015-10-06 00:00:00-04:00,24.922138214111328
2015-10-07 00:00:00-04:00,24.80347442626953
2015-10-08 00:00:00-04:00,24.516881942749023
2015-10-09 00:00:00-04:00,25.103500366210938
2015-10-12 00:00:00-04:00,24.987075805664062
2015-10-13 00:00:00-04:00,25.029611587524414
2015-10-14 00:00:00-04:00,24.675857543945312
2015-10-15 00:00:00-04:00,25.045286178588867
2015-10-16 00:00:00-04:00,24.86168670654297
2015-10-19 00:00:00-04:00,25.016178131103516
2015-10-20 00:00:00-04:00,25.472930908203125
2015-10-21 00:00:00-04:00,25.470699310302734
2015-10-22 00:00:00-04:00,25.86026954650879
2015-10-23 00:00:00-04:00,26.661834716796875
2015-10-26 00:00:00-04:00,25.811019897460938
2015-10-27 00:00:00-04:00,25.647573471069336
2015-10-28 00:00:00-04:00,26.704378128051758
2015-10-29 00:00:00-04:00,26.98648452758789
2015-10-30 00:00:00-04:00,26.755870819091797
2015-11-02 00:00:00-05:00,27.132015228271484
2015-11-03 00:00:00-05:00,27.4432373046875
2015-11-04 00:00:00-05:00,27.31561279296875
2015-11-05 00:00:00-05:00,27.18968963623047
2015-11-06 00:00:00-05:00,27.221174240112305
2015-11-09 00:00:00-05:00,27.110994338989258
2015-11-10 00:00:00-05:00,26.256532669067383
2015-11-11 00:00:00-05:00,26.108131408691406
2015-11-12 00:00:00-05:00,26.02044105529785
2015-11-13 00:00:00-05:00,25.260421752929688
2015-11-16 00:00:00-05:00,25.674156188964844
2015-11-17 00:00:00-05:00,25.56397819519043
2015-11-18 00:00:00-05:00,26.37346839904785
2015-11-19 00:00:00-05:00,26.708505630493164
2015-11-20 00:00:00-05:00,26.825422286987305
2015-11-23 00:00:00-05:00,26.476900100708008
2015-11-24 00:00:00-05:00,26.730987548828125
2015-11-25 00:00:00-05:00,26.539854049682617
2015-11-27 00:00:00-05:00,26.49039077758789
2015-11-30 00:00:00-05:00,26.60056495666504
2015-12-01 00:00:00-05:00,26.384706497192383
2015-12-02 00:00:00-05:00,26.1463623046875
2015-12-03 00:00:00-05:00,25.903507232666016
2015-12-04 00:00:00-05:00,26.764719009399414
2015-12-07 00:00:00-05:00,26.596071243286133
2015-12-08 00:00:00-05:00,26.584829330444336
2015-12-09 00:00:00-05:00,25.997953414916992
2015-12-10 00:00:00-05:00,26.121623992919922
2015-12-11 00:00:00-05:00,25.449302673339844
2015-12-14 00:00:00-05:00,25.291902542114258
2015-12-15 00:00:00-05:00,24.844438552856445
2015-12-16 00:00:00-05:00,25.035564422607422
2015-12-17 00:00:00-05:00,24.504905700683594
2015-12-18 00:00:00-05:00,23.841581344604492
2015-12-21 00:00:00-05:00,24.133888244628906
2015-12-22 00:00:00-05:00,24.111412048339844
2015-12-23 00:00:00-05:00,24.421709060668945
2015-12-24 00:00:00-05:00,24.29129981994629
2015-12-28 00:00:00-05:00,24.019207000732422
2015-12-29 00:00:00-05:00,24.450942993164062
2015-12-30 00:00:00-05:00,24.131635665893555
2015-12-31 00:00:00-05:00,23.668432235717773
2016-01-04 00:00:00-05:00,23.68867301940918
2016-01-05 00:00:00-05:00,23.095046997070312
2016-01-06 00:00:00-05:00,22.643083572387695
2016-01-07 00:00:00-05:00,21.687440872192383
2016-01-08 00:00:00-05:00,21.8021240234375
2016-01-11 00:00:00-05:00,22.1551456451416
2016-01-12 00:00:00-05:00,22.476699829101562
2016-01-13 00:00:00-05:00,21.8988094329834
2016-01-14 00:00:00-05:00,22.377761840820312
2016-01-15 00:00:00-05:00,21.840347290039062
2016-01-19 00:00:00-05:00,21.73466682434082
2016-01-20 00:00:00-05:00,21.763898849487305
2016-01-21 00:00:00-05:00,21.653722763061523
2016-01-22 00:00:00-05:00,22.80498504638672
2016-01-25 00:00:00-05:00,22.359771728515625
2016-01-26 00:00:00-05:00,22.483440399169922
2016-01-27 00:00:00-05:00,21.006132125854492
2016-01-28 00:00:00-05:00,21.156784057617188
2016-01-29 00:00:00-05:00,21.887577056884766
2016-02-01 00:00:00-05:00,21.682941436767578
2016-02-02 00:00:00-05:00,21.24448013305664
2016-02-03 00:00:00-05:00,21.664962768554688
2016-02-04 00:00:00-05:00,21.83904266357422
2016-02-05 00:00:00-05:00,21.255762100219727
2016-02-08 00:00:00-05:00,21.47957992553711
2016-02-09 00:00:00-05:00,21.475053787231445
2016-02-10 00:00:00-05:00,21.312280654907227
2016-02-11 00:00:00-05:00,21.18341827392578
2016-02-12 00:00:00-05:00,21.248979568481445
2016-02-16 00:00:00-05:00,21.848081588745117
2016-02-17 00:00:00-05:00,22.182674407958984
2016-02-18 00:00:00-05:00,21.762174606323242
2016-02-19 00:00:00-05:00,21.712432861328125
2016-02-22 00:00:00-05:00,21.902339935302734
2016-02-23 00:00:00-05:00,21.407228469848633
2016-02-24 00:00:00-05:00,21.726003646850586
2016-02-25 00:00:00-05:00,21.875211715698242
2016-02-26 00:00:00-05:00,21.909120559692383
2016-02-29 00:00:00-05:00,21.859386444091797
2016-03-01 00:00:00-05:00,22.727516174316406
2016-03-02 00:00:00-05:00,22.777263641357422
2016-03-03 00:00:00-05:00,22.946815490722656
2016-03-04 00:00:00-05:00,23.28819465637207
2016-03-07 00:00:00-05:00,23.03046989440918
2016-03-08 00:00:00-05:00,22.840559005737305
2016-03-09 00:00:00-05:00,22.860910415649414
2016-03-10 00:00:00-05:00,22.872215270996094
2016-03-11 00:00:00-05:00,23.118637084960938
2016-03-14 00:00:00-04:00,23.17741584777832
2016-03-15 00:00:00-04:00,23.643138885498047
2016-03-16 00:00:00-04:00,23.957382202148438
2016-03-17 00:00:00-04:00,23.918956756591797
2016-03-18 00:00:00-04:00,23.94607925415039
2016-03-21 00:00:00-04:00,23.94382095336914
2016-03-22 00:00:00-04:00,24.126937866210938
2016-03-23 00:00:00-04:00,23.993562698364258
2016-03-24 00:00:00-04:00,23.889558792114258
2016-03-28 00:00:00-04:00,23.781038284301758
2016-03-29 00:00:00-04:00,24.343975067138672
2016-03-30 00:00:00-04:00,24.768999099731445
2016-03-31 00:00:00-04:00,24.64012908935547
2016-04-01 00:00:00-04:00,24.866209030151367
2016-04-04 00:00:00-04:00,25.121679306030273
2016-04-05 00:00:00-04:00,24.82551383972168
2016-04-06 00:00:00-04:00,25.085500717163086
2016-04-07 00:00:00-04:00,24.53840446472168
2016-04-08 00:00:00-04:00,24.565532684326172
2016-04-11 00:00:00-04:00,24.64691162109375
2016-04-12 00:00:00-04:00,24.967945098876953
2016-04-13 00:00:00-04:00,25.329666137695312
2016-04-14 00:00:00-04:00,25.343236923217773
2016-04-15 00:00:00-04:00,24.83456039428711
2016-04-18 00:00:00-04:00,24.29876136779785
2016-04-19 00:00:00-04:00,24.169889450073242
2016-04-20 00:00:00-04:00,24.219635009765625
2016-04-21 00:00:00-04:00,23.957382202148438
2016-04-22 00:00:00-04:00,23.89181900024414
2016-04-25 00:00:00-04:00,23.756168365478516
2016-04-26 00:00:00-04:00,23.591135025024414
2016-04-27 00:00:00-04:00,22.114852905273438
2016-04-28 00:00:00-04:00,21.43888282775879
2016-04-29 00:00:00-04:00,21.192462921142578
2016-05-02 00:00:00-04:00,21.169851303100586
2016-05-03 00:00:00-04:00,21.518009185791016
2016-05-04 00:00:00-04:00,21.29419708251953
2016-05-05 00:00:00-04:00,21.2077579498291
2016-05-06 00:00:00-04:00,21.08949089050293
2016-05-09 00:00:00-04:00,21.105405807495117
2016-05-10 00:00:00-04:00,21.248701095581055
2016-05-11 00:00:00-04:00,21.041725158691406
2016-05-12 00:00:00-04:00,20.548147201538086
2016-05-13 00:00:00-04:00,20.589088439941406
2016-05-16 00:00:00-04:00,21.353336334228516
2016-05-17 00:00:00-04:00,21.264631271362305
2016-05-18 00:00:00-04:00,21.507997512817383
2016-05-19 00:00:00-04:00,21.426116943359375
2016-05-20 00:00:00-04:00,21.65812110900879
2016-05-23 00:00:00-04:00,21.93333625793457
2016-05-24 00:00:00-04:00,22.267696380615234
2016-05-25 00:00:00-04:00,22.658912658691406
2016-05-26 00:00:00-04:00,22.838607788085938
2016-05-27 00:00:00-04:00,22.8249568939209
2016-05-31 00:00:00-04:00,22.7135009765625
2016-06-01 00:00:00-04:00,22.395071029663086
2016-06-02 00:00:00-04:00,22.22675132751465
2016-06-03 00:00:00-04:00,22.272249221801758
2016-06-06 00:00:00-04:00,22.433731079101562
2016-06-07 00:00:00-04:00,22.52471351623535
2016-06-08 00:00:00-04:00,22.504243850708008
2016-06-09 00:00:00-04:00,22.66573715209961
2016-06-10 00:00:00-04:00,22.47922706604004
2016-06-13 00:00:00-04:00,22.140329360961914
2016-06-14 00:00:00-04:00,22.167613983154297
2016-06-15 00:00:00-04:00,22.094833374023438
2016-06-16 00:00:00-04:00,22.188087463378906
2016-06-17 00:00:00-04:00,21.683137893676758
2016-06-20 00:00:00-04:00,21.630821228027344
2016-06-21 00:00:00-04:00,21.8150634765625
2016-06-22 00:00:00-04:00,21.733179092407227
2016-06-23 00:00:00-04:00,21.858278274536133
2016-06-24 00:00:00-04:00,21.244155883789062
2016-06-27 00:00:00-04:00,20.934812545776367
2016-06-28 00:00:00-04:00,21.287372589111328
2016-06-29 00:00:00-04:00,21.471609115600586
2016-06-30 00:00:00-04:00,21.744552612304688
2016-07-01 00:00:00-04:00,21.81051254272461
2016-07-05 00:00:00-04:00,21.605798721313477
2016-07-06 00:00:00-04:00,21.728622436523438
2016-07-07 00:00:00-04:00,21.8218936920166
2016-07-08 00:00:00-04:00,21.990198135375977
2016-07-11 00:00:00-04:00,22.05844497680664
2016-07-12 00:00:00-04:00,22.15851593017578
2016-07-13 00:00:00-04:00,22.033418655395508
2016-07-14 00:00:00-04:00,22.47012710571289
2016-07-15 00:00:00-04:00,22.467849731445312
2016-07-18 00:00:00-04:00,22.706682205200195
2016-07-19 00:00:00-04:00,22.715782165527344
2016-07-20 00:00:00-04:00,22.736249923706055
2016-07-21 00:00:00-04:00,22.615699768066406
2016-07-22 00:00:00-04:00,22.440561294555664
2016-07-25 00:00:00-04:00,22.140329360961914
2016-07-26 00:00:00-04:00,21.98792839050293
2016-07-27 00:00:00-04:00,23.416336059570312
2016-07-28 00:00:00-04:00,23.732492446899414
2016-07-29 00:00:00-04:00,23.702926635742188
2016-08-01 00:00:00-04:00,24.121437072753906
2016-08-02 00:00:00-04:00,23.76433753967285
2016-08-03 00:00:00-04:00,24.06229591369629
2016-08-04 00:00:00-04:00,24.210952758789062
2016-08-05 00:00:00-04:00,24.579133987426758
2016-08-08 00:00:00-04:00,24.782663345336914
2016-08-09 00:00:00-04:00,24.883289337158203
2016-08-10 00:00:00-04:00,24.69805145263672
2016-08-11 00:00:00-04:00,24.68204116821289
2016-08-12 00:00:00-04:00,24.739219665527344
2016-08-15 00:00:00-04:00,25.036502838134766
2016-08-16 00:00:00-04:00,25.013633728027344
2016-08-17 00:00:00-04:00,24.977041244506836
2016-08-18 00:00:00-04:00,24.945032119750977
2016-08-19 00:00:00-04:00,25.009057998657227
2016-08-22 00:00:00-04:00,24.814685821533203
2016-08-23 00:00:00-04:00,24.892427444458008
2016-08-24 00:00:00-04:00,24.70490837097168
2016-08-25 00:00:00-04:00,24.599716186523438
2016-08-26 00:00:00-04:00,24.455642700195312
2016-08-29 00:00:00-04:00,24.42819595336914
2016-08-30 00:00:00-04:00,24.24067497253418
2016-08-31 00:00:00-04:00,24.263551712036133
2016-09-01 00:00:00-04:00,24.407617568969727
2016-09-02 00:00:00-04:00,24.636308670043945
2016-09-06 00:00:00-04:00,24.62944221496582
2016-09-07 00:00:00-04:00,24.780370712280273
2016-09-08 00:00:00-04:00,24.13090705871582
2016-09-09 00:00:00-04:00,23.5843563079834
2016-09-12 00:00:00-04:00,24.112619400024414
2016-09-13 00:00:00-04:00,24.686613082885742
2016-09-14 00:00:00-04:00,25.56019401550293
2016-09-15 00:00:00-04:00,26.429195404052734
2016-09-16 00:00:00-04:00,26.280553817749023
2016-09-19 00:00:00-04:00,25.974119186401367
2016-09-20 00:00:00-04:00,25.971832275390625
2016-09-21 00:00:00-04:00,25.967256546020508
2016-09-22 00:00:00-04:00,26.211950302124023
2016-09-23 00:00:00-04:00,25.77515983581543
2016-09-26 00:00:00-04:00,25.814029693603516
2016-09-27 00:00:00-04:00,25.8620548248291
2016-09-28 00:00:00-04:00,26.058725357055664
2016-09-29 00:00:00-04:00,25.65395164489746
2016-09-30 00:00:00-04:00,25.8529109954834
2016-10-03 00:00:00-04:00,25.731704711914062
2016-10-04 00:00:00-04:00,25.841476440429688
2016-10-05 00:00:00-04:00,25.8529109954834
2016-10-06 00:00:00-04:00,26.04500389099121
2016-10-07 00:00:00-04:00,26.083879470825195
2016-10-10 00:00:00-04:00,26.538970947265625
2016-10-11 00:00:00-04:00,26.596139907836914
2016-10-12 00:00:00-04:00,26.83397674560547
2016-10-13 00:00:00-04:00,26.75164794921875
2016-10-14 00:00:00-04:00,26.90029525756836
2016-10-17 00:00:00-04:00,26.881999969482422
2016-10-18 00:00:00-04:00,26.863698959350586
2016-10-19 00:00:00-04:00,26.78366470336914
2016-10-20 00:00:00-04:00,26.76994514465332
2016-10-21 00:00:00-04:00,26.664743423461914
2016-10-24 00:00:00-04:00,26.904865264892578
2016-10-25 00:00:00-04:00,27.042078018188477
2016-10-26 00:00:00-04:00,26.43377685546875
2016-10-27 00:00:00-04:00,26.179935455322266
2016-10-28 00:00:00-04:00,26.006132125854492
2016-10-31 00:00:00-04:00,25.964969635009766
2016-11-01 00:00:00-04:00,25.496164321899414
2016-11-02 00:00:00-04:00,25.519025802612305
2016-11-03 00:00:00-04:00,25.245492935180664
2016-11-04 00:00:00-04:00,25.017934799194336
2016-11-07 00:00:00-05:00,25.378816604614258
2016-11-08 00:00:00-05:00,25.528223037719727
2016-11-09 00:00:00-05:00,25.48685073852539
2016-11-10 00:00:00-05:00,24.776578903198242
2016-11-11 00:00:00-05:00,24.923694610595703
2016-11-14 00:00:00-05:00,24.298479080200195
2016-11-15 00:00:00-05:00,24.62027931213379
2016-11-16 00:00:00-05:00,25.28227424621582
2016-11-17 00:00:00-05:00,25.2730770111084
2016-11-18 00:00:00-05:00,25.298364639282227
2016-11-21 00:00:00-05:00,25.682228088378906
2016-11-22 00:00:00-05:00,25.698322296142578
2016-11-23 00:00:00-05:00,25.567302703857422
2016-11-25 00:00:00-05:00,25.696027755737305
2016-11-28 00:00:00-05:00,25.64545249938965
2016-11-29 00:00:00-05:00,25.620168685913086
2016-11-30 00:00:00-05:00,25.40410041809082
2016-12-01 00:00:00-05:00,25.167346954345703
2016-12-02 00:00:00-05:00,25.261594772338867
2016-12-05 00:00:00-05:00,25.07999610900879
2016-12-06 00:00:00-05:00,25.2730770111084
2016-12-07 00:00:00-05:00,25.521331787109375
2016-12-08 00:00:00-05:00,25.771883010864258
2016-12-09 00:00:00-05:00,26.192516326904297
2016-12-12 00:00:00-05:00,26.043107986450195
2016-12-13 00:00:00-05:00,26.4775447845459
2016-12-14 00:00:00-05:00,26.4775447845459
2016-12-15 00:00:00-05:00,26.622360229492188
2016-12-16 00:00:00-05:00,26.656837463378906
2016-12-19 00:00:00-05:00,26.810842514038086
2016-12-20 00:00:00-05:00,26.88210105895996
2016-12-21 00:00:00-05:00,26.907386779785156
2016-12-22 00:00:00-05:00,26.730392456054688
2016-12-23 00:00:00-05:00,26.783260345458984
2016-12-27 00:00:00-05:00,26.953357696533203
2016-12-28 00:00:00-05:00,26.838422775268555
2016-12-29 00:00:00-05:00,26.831533432006836
2016-12-30 00:00:00-05:00,26.622360229492188
2017-01-03 00:00:00-05:00,26.69821548461914
2017-01-04 00:00:00-05:00,26.66832733154297
2017-01-05 00:00:00-05:00,26.803945541381836
2017-01-06 00:00:00-05:00,27.102766036987305
2017-01-09 00:00:00-05:00,27.351011276245117
2017-01-10 00:00:00-05:00,27.378597259521484
2017-01-11 00:00:00-05:00,27.525707244873047
2017-01-12 00:00:00-05:00,27.41077423095703
2017-01-13 00:00:00-05:00,27.362504959106445
2017-01-17 00:00:00-05:00,27.583171844482422
2017-01-18 00:00:00-05:00,27.58087158203125
2017-01-19 00:00:00-05:00,27.53260040283203
2017-01-20 00:00:00-05:00,27.583171844482422
2017-01-23 00:00:00-05:00,27.601558685302734
2017-01-24 00:00:00-05:00,27.576278686523438
2017-01-25 00:00:00-05:00,28.01530647277832
2017-01-26 00:00:00-05:00,28.029102325439453
2017-01-27 00:00:00-05:00,28.031391143798828
2017-01-30 00:00:00-05:00,27.95783805847168
2017-01-31 00:00:00-05:00,27.893482208251953
2017-02-01 00:00:00-05:00,29.594449996948242
2017-02-02 00:00:00-05:00,29.54387855529785
2017-02-03 00:00:00-05:00,29.6702938079834
2017-02-06 00:00:00-05:00,29.948429107666016
2017-02-07 00:00:00-05:00,30.233457565307617
2017-02-08 00:00:00-05:00,30.350679397583008
2017-02-09 00:00:00-05:00,30.569995880126953
2017-02-10 00:00:00-05:00,30.500732421875
2017-02-13 00:00:00-05:00,30.770828247070312
2017-02-14 00:00:00-05:00,31.170228958129883
2017-02-15 00:00:00-05:00,31.283342361450195
2017-02-16 00:00:00-05:00,31.246402740478516
2017-02-17 00:00:00-05:00,31.33182144165039
2017-02-21 00:00:00-05:00,31.558061599731445
2017-02-22 00:00:00-05:00,31.652729034423828
2017-02-23 00:00:00-05:00,31.518831253051758
2017-02-24 00:00:00-05:00,31.548824310302734
2017-02-27 00:00:00-05:00,31.611160278320312
2017-02-28 00:00:00-05:00,31.625001907348633
2017-03-01 00:00:00-05:00,32.27141189575195
2017-03-02 00:00:00-05:00,32.079803466796875
2017-03-03 00:00:00-05:00,32.269107818603516
2017-03-06 00:00:00-05:00,32.16753387451172
2017-03-07 00:00:00-05:00,32.209075927734375
2017-03-08 00:00:00-05:00,32.08902359008789
2017-03-09 00:00:00-05:00,32.01515197753906
2017-03-10 00:00:00-05:00,32.12135696411133
2017-03-13 00:00:00-04:00,32.13520050048828
2017-03-14 00:00:00-04:00,32.086734771728516
2017-03-15 00:00:00-04:00,32.426082611083984
2017-03-16 00:00:00-04:00,32.47917175292969
2017-03-17 00:00:00-04:00,32.31758117675781
2017-03-20 00:00:00-04:00,32.65694808959961
2017-03-21 00:00:00-04:00,32.28294372558594
2017-03-22 00:00:00-04:00,32.64769744873047
2017-03-23 00:00:00-04:00,32.53227996826172
2017-03-24 00:00:00-04:00,32.4676399230957
2017-03-27 00:00:00-04:00,32.523048400878906
2017-03-28 00:00:00-04:00,33.197139739990234
2017-03-29 00:00:00-04:00,33.271018981933594
2017-03-30 00:00:00-04:00,33.22714614868164
2017-03-31 00:00:00-04:00,33.164825439453125
2017-04-03 00:00:00-04:00,33.17405700683594
2017-04-04 00:00:00-04:00,33.42107009887695
2017-04-05 00:00:00-04:00,33.2479248046875
2017-04-06 00:00:00-04:00,33.164825439453125
2017-04-07 00:00:00-04:00,33.09095764160156
2017-04-10 00:00:00-04:00,33.05170440673828
2017-04-11 00:00:00-04:00,32.69618606567383
2017-04-12 00:00:00-04:00,32.735450744628906
2017-04-13 00:00:00-04:00,32.56230163574219
2017-04-17 00:00:00-04:00,32.742366790771484
2017-04-18 00:00:00-04:00,32.59691619873047
2017-04-19 00:00:00-04:00,32.47686767578125
2017-04-20 00:00:00-04:00,32.883174896240234
2017-04-21 00:00:00-04:00,32.843936920166016
2017-04-24 00:00:00-04:00,33.16020202636719
2017-04-25 00:00:00-04:00,33.36566162109375
2017-04-26 00:00:00-04:00,33.16943359375
2017-04-27 00:00:00-04:00,33.1948356628418
2017-04-28 00:00:00-04:00,33.162513732910156
2017-05-01 00:00:00-04:00,33.83891677856445
2017-05-02 00:00:00-04:00,34.05361557006836
2017-05-03 00:00:00-04:00,33.94974136352539
2017-05-04 00:00:00-04:00,33.827392578125
2017-05-05 00:00:00-04:00,34.38836669921875
2017-05-08 00:00:00-04:00,35.32331848144531
2017-05-09 00:00:00-04:00,35.549560546875
2017-05-10 00:00:00-04:00,35.38103103637695
2017-05-11 00:00:00-04:00,35.68701934814453
2017-05-12 00:00:00-04:00,36.1854133605957
2017-05-15 00:00:00-04:00,36.09269332885742
2017-05-16 00:00:00-04:00,36.03938293457031
2017-05-17 00:00:00-04:00,34.82933044433594
2017-05-18 00:00:00-04:00,35.36017990112305
2017-05-19 00:00:00-04:00,35.48072052001953
2017-05-22 00:00:00-04:00,35.696292877197266
2017-05-23 00:00:00-04:00,35.652259826660156
2017-05-24 00:00:00-04:00,35.54561996459961
2017-05-25 00:00:00-04:00,35.66848373413086
2017-05-26 00:00:00-04:00,35.60820770263672
2017-05-30 00:00:00-04:00,35.62211227416992
2017-05-31 00:00:00-04:00,35.41118621826172
2017-06-01 00:00:00-04:00,35.5085334777832
2017-06-02 00:00:00-04:00,36.03474426269531
2017-06-05 00:00:00-04:00,35.68239212036133
2017-06-06 00:00:00-04:00,35.80293655395508
2017-06-07 00:00:00-04:00,36.016197204589844
2017-06-08 00:00:00-04:00,35.9281120300293
2017-06-09 00:00:00-04:00,34.53492736816406
2017-06-12 00:00:00-04:00,33.70969772338867
2017-06-13 00:00:00-04:00,33.98091125488281
2017-06-14 00:00:00-04:00,33.64942932128906
2017-06-15 00:00:00-04:00,33.447750091552734
2017-06-16 00:00:00-04:00,32.9795036315918
2017-06-19 00:00:00-04:00,33.9229621887207
2017-06-20 00:00:00-04:00,33.614646911621094
2017-06-21 00:00:00-04:00,33.81401443481445
2017-06-22 00:00:00-04:00,33.75837707519531
2017-06-23 00:00:00-04:00,33.9090576171875
2017-06-26 00:00:00-04:00,33.80241775512695
2017-06-27 00:00:00-04:00,33.31793212890625
2017-06-28 00:00:00-04:00,33.80474090576172
2017-06-29 00:00:00-04:00,33.30634307861328
2017-06-30 00:00:00-04:00,33.385162353515625
2017-07-03 00:00:00-04:00,33.264625549316406
2017-07-05 00:00:00-04:00,33.40139389038086
2017-07-06 00:00:00-04:00,33.08613586425781
2017-07-07 00:00:00-04:00,33.4222526550293
2017-07-10 00:00:00-04:00,33.62623596191406
2017-07-11 00:00:00-04:00,33.73518753051758
2017-07-12 00:00:00-04:00,33.783878326416016
2017-07-13 00:00:00-04:00,34.25444412231445
2017-07-14 00:00:00-04:00,34.548831939697266
2017-07-17 00:00:00-04:00,34.66938018798828
2017-07-18 00:00:00-04:00,34.78992462158203
2017-07-19 00:00:00-04:00,35.0078239440918
2017-07-20 00:00:00-04:00,34.850196838378906
2017-07-21 00:00:00-04:00,34.833988189697266
2017-07-24 00:00:00-04:00,35.2558708190918
2017-07-25 00:00:00-04:00,35.40654754638672
2017-07-26 00:00:00-04:00,35.57345199584961
2017-07-27 00:00:00-04:00,34.90119934082031
2017-07-28 00:00:00-04:00,34.65547561645508
2017-07-31 00:00:00-04:00,34.47697830200195
2017-08-01 00:00:00-04:00,34.78297805786133
2017-08-02 00:00:00-04:00,36.426490783691406
2017-08-03 00:00:00-04:00,36.06256103515625
2017-08-04 00:00:00-04:00,36.252647399902344
2017-08-07 00:00:00-04:00,36.81363296508789
2017-08-08 00:00:00-04:00,37.108028411865234
2017-08-09 00:00:00-04:00,37.33519744873047
2017-08-10 00:00:00-04:00,36.14599609375
2017-08-11 00:00:00-04:00,36.648677825927734
2017-08-14 00:00:00-04:00,37.2002067565918
2017-08-15 00:00:00-04:00,37.607479095458984
2017-08-16 00:00:00-04:00,37.45619583129883
2017-08-17 00:00:00-04:00,36.737098693847656
2017-08-18 00:00:00-04:00,36.6533203125
2017-08-21 00:00:00-04:00,36.58583450317383
2017-08-22 00:00:00-04:00,37.18391418457031
2017-08-23 00:00:00-04:00,37.23046875
2017-08-24 00:00:00-04:00,37.06523895263672
2017-08-25 00:00:00-04:00,37.202537536621094
2017-08-28 00:00:00-04:00,37.57722854614258
2017-08-29 00:00:00-04:00,37.91233444213867
2017-08-30 00:00:00-04:00,38.014732360839844
2017-08-31 00:00:00-04:00,38.16600799560547
2017-09-01 00:00:00-04:00,38.17763137817383
2017-09-05 00:00:00-04:00,37.719181060791016
2017-09-06 00:00:00-04:00,37.67961883544922
2017-09-07 00:00:00-04:00,37.528350830078125
2017-09-08 00:00:00-04:00,36.91630554199219
2017-09-11 00:00:00-04:00,37.584197998046875
2017-09-12 00:00:00-04:00,37.435264587402344
2017-09-13 00:00:00-04:00,37.15367126464844
2017-09-14 00:00:00-04:00,36.8348388671875
2017-09-15 00:00:00-04:00,37.20719528198242
2017-09-18 00:00:00-04:00,36.92560958862305
2017-09-19 00:00:00-04:00,36.9395751953125
2017-09-20 00:00:00-04:00,36.32052993774414
2017-09-21 00:00:00-04:00,35.69684600830078
2017-09-22 00:00:00-04:00,35.34775924682617
2017-09-25 00:00:00-04:00,35.035926818847656
2017-09-26 00:00:00-04:00,35.63867950439453
2017-09-27 00:00:00-04:00,35.89234161376953
2017-09-28 00:00:00-04:00,35.671260833740234
2017-09-29 00:00:00-04:00,35.866729736328125
2017-10-02 00:00:00-04:00,35.794586181640625
2017-10-03 00:00:00-04:00,35.95051193237305
2017-10-04 00:00:00-04:00,35.71778869628906
2017-10-05 00:00:00-04:00,36.162288665771484
2017-10-06 00:00:00-04:00,36.1413459777832
2017-10-09 00:00:00-04:00,36.267005920410156
2017-10-10 00:00:00-04:00,36.28096389770508
2017-10-11 00:00:00-04:00,36.4322395324707
2017-10-12 00:00:00-04:00,36.30424499511719
2017-10-13 00:00:00-04:00,36.534637451171875
2017-10-16 00:00:00-04:00,37.20719528198242
2017-10-17 00:00:00-04:00,37.34449005126953
2017-10-18 00:00:00-04:00,37.17927169799805
2017-10-19 00:00:00-04:00,36.299591064453125
2017-10-20 00:00:00-04:00,36.362422943115234
2017-10-23 00:00:00-04:00,36.34380340576172
2017-10-24 00:00:00-04:00,36.56023025512695
2017-10-25 00:00:00-04:00,36.39965057373047
2017-10-26 00:00:00-04:00,36.63237762451172
2017-10-27 00:00:00-04:00,37.94491958618164
2017-10-30 00:00:00-04:00,38.79899978637695
2017-10-31 00:00:00-04:00,39.33890914916992
2017-11-01 00:00:00-04:00,38.838565826416016
2017-11-02 00:00:00-04:00,39.122474670410156
2017-11-03 00:00:00-04:00,40.14411926269531
2017-11-06 00:00:00-05:00,40.55137252807617
2017-11-07 00:00:00-05:00,40.68170166015625
2017-11-08 00:00:00-05:00,41.014495849609375
2017-11-09 00:00:00-05:00,40.93071365356445
2017-11-10 00:00:00-05:00,40.795249938964844
2017-11-13 00:00:00-05:00,40.63175964355469
2017-11-14 00:00:00-05:00,40.01750183105469
2017-11-15 00:00:00-05:00,39.48966598510742
2017-11-16 00:00:00-05:00,39.96145248413086
2017-11-17 00:00:00-05:00,39.73957824707031
2017-11-20 00:00:00-05:00,39.699851989746094
2017-11-21 00:00:00-05:00,40.437896728515625
2017-11-22 00:00:00-05:00,40.86298751831055
2017-11-24 00:00:00-05:00,40.86532211303711
2017-11-27 00:00:00-05:00,40.65978240966797
2017-11-28 00:00:00-05:00,40.42156982421875
2017-11-29 00:00:00-05:00,39.58310317993164
2017-11-30 00:00:00-05:00,40.136619567871094
2017-12-01 00:00:00-05:00,39.94977569580078
2017-12-04 00:00:00-05:00,39.6578369140625
2017-12-05 00:00:00-05:00,39.620460510253906
2017-12-06 00:00:00-05:00,39.47332000732422
2017-12-07 00:00:00-05:00,39.54572296142578
2017-12-08 00:00:00-05:00,39.55739974975586
2017-12-11 00:00:00-05:00,40.32813262939453
2017-12-12 00:00:00-05:00,40.101585388183594
2017-12-13 00:00:00-05:00,40.234703063964844
2017-12-14 00:00:00-05:00,40.22304153442383
2017-12-15 00:00:00-05:00,40.63175964355469
2017-12-18 00:00:00-05:00,41.20396041870117
2017-12-19 00:00:00-05:00,40.76488494873047
2017-12-20 00:00:00-05:00,40.72050857543945
2017-12-21 00:00:00-05:00,40.87466049194336
2017-12-22 00:00:00-05:00,40.87466049194336
2017-12-26 00:00:00-05:00,39.837677001953125
2017-12-27 00:00:00-05:00,39.84467697143555
2017-12-28 00:00:00-05:00,39.956790924072266
2017-12-29 00:00:00-05:00,39.52468490600586
2018-01-02 00:00:00-05:00,40.232364654541016
2018-01-03 00:00:00-05:00,40.225372314453125
2018-01-04 00:00:00-05:00,40.41221237182617
2018-01-05 00:00:00-05:00,40.872318267822266
2018-01-08 00:00:00-05:00,40.72050857543945
2018-01-09 00:00:00-05:00,40.715843200683594
2018-01-10 00:00:00-05:00,40.706504821777344
2018-01-11 00:00:00-05:00,40.937713623046875
2018-01-12 00:00:00-05:00,41.36045837402344
2018-01-16 00:00:00-05:00,41.15025329589844
2018-01-17 00:00:00-05:00,41.82990646362305
2018-01-18 00:00:00-05:00,41.86727523803711
2018-01-19 00:00:00-05:00,41.680423736572266
2018-01-22 00:00:00-05:00,41.33944320678711
2018-01-23 00:00:00-05:00,41.348785400390625
2018-01-24 00:00:00-05:00,40.69015884399414
2018-01-25 00:00:00-05:00,39.96379089355469
2018-01-26 00:00:00-05:00,40.057212829589844
2018-01-29 00:00:00-05:00,39.228092193603516
2018-01-30 00:00:00-05:00,38.99686813354492
2018-01-31 00:00:00-05:00,39.10429763793945
2018-02-01 00:00:00-05:00,39.18604278564453
2018-02-02 00:00:00-05:00,37.48575210571289
2018-02-05 00:00:00-05:00,36.549198150634766
2018-02-06 00:00:00-05:00,38.076656341552734
2018-02-07 00:00:00-05:00,37.261531829833984
2018-02-08 00:00:00-05:00,36.23622131347656
2018-02-09 00:00:00-05:00,36.67945861816406
2018-02-12 00:00:00-05:00,38.1568603515625
2018-02-13 00:00:00-05:00,38.53909683227539
2018-02-14 00:00:00-05:00,39.24967575073242
2018-02-15 00:00:00-05:00,40.567596435546875
2018-02-16 00:00:00-05:00,40.436283111572266
2018-02-20 00:00:00-05:00,40.300270080566406
2018-02-21 00:00:00-05:00,40.11734390258789
2018-02-22 00:00:00-05:00,40.452701568603516
2018-02-23 00:00:00-05:00,41.15622329711914
2018-02-26 00:00:00-05:00,41.969966888427734
2018-02-27 00:00:00-05:00,41.833946228027344
2018-02-28 00:00:00-05:00,41.770633697509766
2018-03-01 00:00:00-05:00,41.038970947265625
2018-03-02 00:00:00-05:00,41.32271957397461
2018-03-05 00:00:00-05:00,41.46577453613281
2018-03-06 00:00:00-05:00,41.430599212646484
2018-03-07 00:00:00-05:00,41.04600524902344
2018-03-08 00:00:00-05:00,41.493919372558594
2018-03-09 00:00:00-05:00,42.20682144165039
2018-03-12 00:00:00-04:00,42.6148567199707
2018-03-13 00:00:00-04:00,42.20447540283203
2018-03-14 00:00:00-04:00,41.845672607421875
2018-03-15 00:00:00-04:00,41.89491653442383
2018-03-16 00:00:00-04:00,41.7471809387207
2018-03-19 00:00:00-04:00,41.10933303833008
2018-03-20 00:00:00-04:00,41.095245361328125
2018-03-21 00:00:00-04:00,40.16423797607422
2018-03-22 00:00:00-04:00,39.59673309326172
2018-03-23 00:00:00-04:00,38.67980194091797
2018-03-26 00:00:00-04:00,40.51600646972656
2018-03-27 00:00:00-04:00,39.47713851928711
2018-03-28 00:00:00-04:00,39.04095458984375
2018-03-29 00:00:00-04:00,39.34581756591797
2018-04-02 00:00:00-04:00,39.08784484863281
2018-04-03 00:00:00-04:00,39.48886489868164
2018-04-04 00:00:00-04:00,40.24397659301758
2018-04-05 00:00:00-04:00,40.52303695678711
2018-04-06 00:00:00-04:00,39.48651885986328
2018-04-09 00:00:00-04:00,39.878143310546875
2018-04-10 00:00:00-04:00,40.62856674194336
2018-04-11 00:00:00-04:00,40.438629150390625
2018-04-12 00:00:00-04:00,40.8372802734375
2018-04-13 00:00:00-04:00,40.975650787353516
2018-04-16 00:00:00-04:00,41.23126220703125
2018-04-17 00:00:00-04:00,41.79877471923828
2018-04-18 00:00:00-04:00,41.70496368408203
2018-04-19 00:00:00-04:00,40.52303695678711
2018-04-20 00:00:00-04:00,38.86272048950195
2018-04-23 00:00:00-04:00,38.75016403198242
2018-04-24 00:00:00-04:00,38.210792541503906
2018-04-25 00:00:00-04:00,38.377281188964844
2018-04-26 00:00:00-04:00,38.510963439941406
2018-04-27 00:00:00-04:00,38.06540298461914
2018-04-30 00:00:00-04:00,38.75485610961914
2018-05-01 00:00:00-04:00,39.655372619628906
2018-05-02 00:00:00-04:00,41.40713882446289
2018-05-03 00:00:00-04:00,41.48219299316406
2018-05-04 00:00:00-04:00,43.10966873168945
2018-05-07 00:00:00-04:00,43.421566009521484
2018-05-08 00:00:00-04:00,43.630287170410156
2018-05-09 00:00:00-04:00,43.93749237060547
2018-05-10 00:00:00-04:00,44.565975189208984
2018-05-11 00:00:00-04:00,44.39646530151367
2018-05-14 00:00:00-04:00,44.29288864135742
2018-05-15 00:00:00-04:00,43.89033889770508
2018-05-16 00:00:00-04:00,44.29995346069336
2018-05-17 00:00:00-04:00,44.019805908203125
2018-05-18 00:00:00-04:00,43.85973358154297
2018-05-21 00:00:00-04:00,44.17047119140625
2018-05-22 00:00:00-04:00,44.0598258972168
2018-05-23 00:00:00-04:00,44.342323303222656
2018-05-24 00:00:00-04:00,44.29288864135742
2018-05-25 00:00:00-04:00,44.39411163330078
2018-05-29 00:00:00-04:00,44.234039306640625
2018-05-30 00:00:00-04:00,44.139862060546875
2018-05-31 00:00:00-04:00,43.99156188964844
2018-06-01 00:00:00-04:00,44.784908294677734
2018-06-04 00:00:00-04:00,45.15919876098633
2018-06-05 00:00:00-04:00,45.50761795043945
2018-06-06 00:00:00-04:00,45.66533279418945
2018-06-07 00:00:00-04:00,45.54293441772461
2018-06-08 00:00:00-04:00,45.12861251831055
2018-06-11 00:00:00-04:00,45.01795959472656
2018-06-12 00:00:00-04:00,45.265140533447266
2018-06-13 00:00:00-04:00,44.893184661865234
2018-06-14 00:00:00-04:00,44.916725158691406
2018-06-15 00:00:00-04:00,44.455322265625
2018-06-18 00:00:00-04:00,44.43178176879883
2018-06-19 00:00:00-04:00,43.71378707885742
2018-06-20 00:00:00-04:00,43.90446853637695
2018-06-21 00:00:00-04:00,43.659637451171875
2018-06-22 00:00:00-04:00,43.53250503540039
2018-06-25 00:00:00-04:00,42.8851318359375
2018-06-26 00:00:00-04:00,43.41715621948242
2018-06-27 00:00:00-04:00,43.353607177734375
2018-06-28 00:00:00-04:00,43.669036865234375
2018-06-29 00:00:00-04:00,43.57724380493164
2018-07-02 00:00:00-04:00,44.064537048339844
2018-07-03 00:00:00-04:00,43.2971076965332
2018-07-05 00:00:00-04:00,43.64550018310547
2018-07-06 00:00:00-04:00,44.25052261352539
2018-07-09 00:00:00-04:00,44.86492919921875
2018-07-10 00:00:00-04:00,44.81080627441406
2018-07-11 00:00:00-04:00,44.22933578491211
2018-07-12 00:00:00-04:00,44.97086715698242
2018-07-13 00:00:00-04:00,45.041507720947266
2018-07-16 00:00:00-04:00,44.9426383972168
2018-07-17 00:00:00-04:00,45.06975173950195
2018-07-18 00:00:00-04:00,44.82256317138672
2018-07-19 00:00:00-04:00,45.170982360839844
2018-07-20 00:00:00-04:00,45.06739807128906
2018-07-23 00:00:00-04:00,45.107421875
2018-07-24 00:00:00-04:00,45.434627532958984
2018-07-25 00:00:00-04:00,45.863094329833984
2018-07-26 00:00:00-04:00,45.71949768066406
2018-07-27 00:00:00-04:00,44.9591064453125
2018-07-30 00:00:00-04:00,44.70722579956055
2018-07-31 00:00:00-04:00,44.79668045043945
2018-08-01 00:00:00-04:00,47.435638427734375
2018-08-02 00:00:00-04:00,48.82221984863281
2018-08-03 00:00:00-04:00,48.96348571777344
2018-08-06 00:00:00-04:00,49.21773147583008
2018-08-07 00:00:00-04:00,48.75631332397461
2018-08-08 00:00:00-04:00,48.78927230834961
2018-08-09 00:00:00-04:00,49.17298889160156
2018-08-10 00:00:00-04:00,49.02651596069336
2018-08-13 00:00:00-04:00,49.34307861328125
2018-08-14 00:00:00-04:00,49.55097579956055
2018-08-15 00:00:00-04:00,49.66674041748047
2018-08-16 00:00:00-04:00,50.394351959228516
2018-08-17 00:00:00-04:00,51.40072250366211
2018-08-20 00:00:00-04:00,50.89989471435547
2018-08-21 00:00:00-04:00,50.8006706237793
2018-08-22 00:00:00-04:00,50.80304718017578
2018-08-23 00:00:00-04:00,50.90699768066406
2018-08-24 00:00:00-04:00,51.06527328491211
2018-08-27 00:00:00-04:00,51.485774993896484
2018-08-28 00:00:00-04:00,51.90155792236328
2018-08-29 00:00:00-04:00,52.676395416259766
2018-08-30 00:00:00-04:00,53.16069793701172
2018-08-31 00:00:00-04:00,53.77491760253906
2018-09-04 00:00:00-04:00,53.947364807128906
2018-09-05 00:00:00-04:00,53.595375061035156
2018-09-06 00:00:00-04:00,52.70475769042969
2018-09-07 00:00:00-04:00,52.2795295715332
2018-09-10 00:00:00-04:00,51.5778923034668
2018-09-11 00:00:00-04:00,52.88193130493164
2018-09-12 00:00:00-04:00,52.22520065307617
2018-09-13 00:00:00-04:00,53.48671340942383
2018-09-14 00:00:00-04:00,52.87957763671875
2018-09-17 00:00:00-04:00,51.47160720825195
2018-09-18 00:00:00-04:00,51.55664825439453
2018-09-19 00:00:00-04:00,51.58735275268555
2018-09-20 00:00:00-04:00,51.97949981689453
2018-09-21 00:00:00-04:00,51.41962814331055
2018-09-24 00:00:00-04:00,52.15904998779297
2018-09-25 00:00:00-04:00,52.489784240722656
2018-09-26 00:00:00-04:00,52.0716438293457
2018-09-27 00:00:00-04:00,53.14180374145508
2018-09-28 00:00:00-04:00,53.32843017578125
2018-10-01 00:00:00-04:00,53.687503814697266
2018-10-02 00:00:00-04:00,54.16470718383789
2018-10-03 00:00:00-04:00,54.823814392089844
2018-10-04 00:00:00-04:00,53.8599739074707
2018-10-05 00:00:00-04:00,52.985870361328125
2018-10-08 00:00:00-04:00,52.863040924072266
2018-10-09 00:00:00-04:00,53.595375061035156
2018-10-10 00:00:00-04:00,51.112518310546875
2018-10-11 00:00:00-04:00,50.66128921508789
2018-10-12 00:00:00-04:00,52.47088623046875
2018-10-15 00:00:00-04:00,51.3487548828125
2018-10-16 00:00:00-04:00,52.48033142089844
2018-10-17 00:00:00-04:00,52.25354766845703
2018-10-18 00:00:00-04:00,51.032196044921875
2018-10-19 00:00:00-04:00,51.80941390991211
2018-10-22 00:00:00-04:00,52.1259765625
2018-10-23 00:00:00-04:00,52.61734390258789
2018-10-24 00:00:00-04:00,50.8124885559082
2018-10-25 00:00:00-04:00,51.92517852783203
2018-10-26 00:00:00-04:00,51.09833908081055
2018-10-29 00:00:00-04:00,50.13920593261719
2018-10-30 00:00:00-04:00,50.38962936401367
2018-10-31 00:00:00-04:00,51.7031135559082
2018-11-01 00:00:00-04:00,52.49686813354492
2018-11-02 00:00:00-04:00,49.014705657958984
2018-11-05 00:00:00-05:00,47.62326431274414
2018-11-06 00:00:00-05:00,48.138267517089844
2018-11-07 00:00:00-05:00,49.59822082519531
2018-11-08 00:00:00-05:00,49.42517852783203
2018-11-09 00:00:00-05:00,48.4721794128418
2018-11-12 00:00:00-05:00,46.03044128417969
2018-11-13 00:00:00-05:00,45.570533752441406
2018-11-14 00:00:00-05:00,44.28328323364258
2018-11-15 00:00:00-05:00,45.37614059448242
2018-11-16 00:00:00-05:00,45.87871551513672
2018-11-19 00:00:00-05:00,44.060428619384766
2018-11-20 00:00:00-05:00,41.95532989501953
2018-11-21 00:00:00-05:00,41.90791702270508
2018-11-23 00:00:00-05:00,40.8435173034668
2018-11-26 00:00:00-05:00,41.39585876464844
2018-11-27 00:00:00-05:00,41.305782318115234
2018-11-28 00:00:00-05:00,42.894100189208984
2018-11-29 00:00:00-05:00,42.564579010009766
2018-11-30 00:00:00-05:00,42.33462905883789
2018-12-03 00:00:00-05:00,43.81389617919922
2018-12-04 00:00:00-05:00,41.886592864990234
2018-12-06 00:00:00-05:00,41.4195671081543
2018-12-07 00:00:00-05:00,39.94266891479492
2018-12-10 00:00:00-05:00,40.205810546875
2018-12-11 00:00:00-05:00,39.97585678100586
2018-12-12 00:00:00-05:00,40.087284088134766
2018-12-13 00:00:00-05:00,40.525840759277344
2018-12-14 00:00:00-05:00,39.229103088378906
2018-12-17 00:00:00-05:00,38.86403274536133
2018-12-18 00:00:00-05:00,39.36897277832031
2018-12-19 00:00:00-05:00,38.1409912109375
2018-12-20 00:00:00-05:00,37.17852783203125
2018-12-21 00:00:00-05:00,35.7324333190918
2018-12-24 00:00:00-05:00,34.80789566040039
2018-12-26 00:00:00-05:00,37.259117126464844
2018-12-27 00:00:00-05:00,37.017303466796875
2018-12-28 00:00:00-05:00,37.036285400390625
2018-12-31 00:00:00-05:00,37.39424514770508
2019-01-02 00:00:00-05:00,37.436920166015625
2019-01-03 00:00:00-05:00,33.707916259765625
2019-01-04 00:00:00-05:00,35.14689636230469
2019-01-07 00:00:00-05:00,35.06865310668945
2019-01-08 00:00:00-05:00,35.7371711730957
2019-01-09 00:00:00-05:00,36.344051361083984
2019-01-10 00:00:00-05:00,36.46021270751953
2019-01-11 00:00:00-05:00,36.10224914550781
2019-01-14 00:00:00-05:00,35.55937957763672
2019-01-15 00:00:00-05:00,36.287174224853516
2019-01-16 00:00:00-05:00,36.73046112060547
2019-01-17 00:00:00-05:00,36.948577880859375
2019-01-18 00:00:00-05:00,37.176151275634766
2019-01-22 00:00:00-05:00,36.3416862487793
2019-01-23 00:00:00-05:00,36.48867416381836
2019-01-24 00:00:00-05:00,36.19944381713867
2019-01-25 00:00:00-05:00,37.398983001708984
2019-01-28 00:00:00-05:00,37.05287170410156
2019-01-29 00:00:00-05:00,36.668827056884766
2019-01-30 00:00:00-05:00,39.17458724975586
2019-01-31 00:00:00-05:00,39.45668029785156
2019-02-01 00:00:00-05:00,39.47566223144531
2019-02-04 00:00:00-05:00,40.59695816040039
2019-02-05 00:00:00-05:00,41.29155349731445
2019-02-06 00:00:00-05:00,41.305782318115234
2019-02-07 00:00:00-05:00,40.52347183227539
2019-02-08 00:00:00-05:00,40.571083068847656
2019-02-11 00:00:00-05:00,40.337772369384766
2019-02-12 00:00:00-05:00,40.685359954833984
2019-02-13 00:00:00-05:00,40.51633071899414
2019-02-14 00:00:00-05:00,40.6639404296875
2019-02-15 00:00:00-05:00,40.573463439941406
2019-02-19 00:00:00-05:00,40.69488525390625
2019-02-20 00:00:00-05:00,40.956764221191406
2019-02-21 00:00:00-05:00,40.72584533691406
2019-02-22 00:00:00-05:00,41.18057632446289
2019-02-25 00:00:00-05:00,41.48054122924805
2019-02-26 00:00:00-05:00,41.50435256958008
2019-02-27 00:00:00-05:00,41.63290786743164
2019-02-28 00:00:00-05:00,41.223426818847656
2019-03-01 00:00:00-05:00,41.65673065185547
2019-03-04 00:00:00-05:00,41.866249084472656
2019-03-05 00:00:00-05:00,41.7900505065918
2019-03-06 00:00:00-05:00,41.54959487915039
2019-03-07 00:00:00-05:00,41.06867599487305
2019-03-08 00:00:00-05:00,41.16627883911133
2019-03-11 00:00:00-04:00,42.592369079589844
2019-03-12 00:00:00-04:00,43.07093048095703
2019-03-13 00:00:00-04:00,43.26137924194336
2019-03-14 00:00:00-04:00,43.7422981262207
2019-03-15 00:00:00-04:00,44.31130599975586
2019-03-18 00:00:00-04:00,44.763668060302734
2019-03-19 00:00:00-04:00,44.40892791748047
2019-03-20 00:00:00-04:00,44.796993255615234
2019-03-21 00:00:00-04:00,46.446876525878906
2019-03-22 00:00:00-04:00,45.485042572021484
2019-03-25 00:00:00-04:00,44.935081481933594
2019-03-26 00:00:00-04:00,44.47081756591797
2019-03-27 00:00:00-04:00,44.87080001831055
2019-03-28 00:00:00-04:00,44.930320739746094
2019-03-29 00:00:00-04:00,45.2231559753418
2019-04-01 00:00:00-04:00,45.530277252197266
2019-04-02 00:00:00-04:00,46.192134857177734
2019-04-03 00:00:00-04:00,46.5088005065918
2019-04-04 00:00:00-04:00,46.589725494384766
2019-04-05 00:00:00-04:00,46.901611328125
2019-04-08 00:00:00-04:00,47.639652252197266
2019-04-09 00:00:00-04:00,47.49681091308594
2019-04-10 00:00:00-04:00,47.763458251953125
2019-04-11 00:00:00-04:00,47.365867614746094
2019-04-12 00:00:00-04:00,47.346824645996094
2019-04-15 00:00:00-04:00,47.432518005371094
2019-04-16 00:00:00-04:00,47.43729019165039
2019-04-17 00:00:00-04:00,48.361026763916016
2019-04-18 00:00:00-04:00,48.53483581542969
2019-04-22 00:00:00-04:00,48.69435119628906
2019-04-23 00:00:00-04:00,49.39668273925781
2019-04-24 00:00:00-04:00,49.32050323486328
2019-04-25 00:00:00-04:00,48.872920989990234
2019-04-26 00:00:00-04:00,48.63959503173828
2019-04-29 00:00:00-04:00,48.713401794433594
2019-04-30 00:00:00-04:00,47.77535629272461
2019-05-01 00:00:00-04:00,50.120452880859375
2019-05-02 00:00:00-04:00,49.794273376464844
2019-05-03 00:00:00-04:00,50.41328048706055
2019-05-06 00:00:00-04:00,49.634769439697266
2019-05-07 00:00:00-04:00,48.29676818847656
2019-05-08 00:00:00-04:00,48.30628204345703
2019-05-09 00:00:00-04:00,47.787261962890625
2019-05-10 00:00:00-04:00,47.125244140625
2019-05-13 00:00:00-04:00,44.386356353759766
2019-05-14 00:00:00-04:00,45.08900833129883
2019-05-15 00:00:00-04:00,45.6291389465332
2019-05-16 00:00:00-04:00,45.428375244140625
2019-05-17 00:00:00-04:00,45.170265197753906
2019-05-20 00:00:00-04:00,43.757789611816406
2019-05-21 00:00:00-04:00,44.5966682434082
2019-05-22 00:00:00-04:00,43.683692932128906
2019-05-23 00:00:00-04:00,42.93804168701172
2019-05-24 00:00:00-04:00,42.773128509521484
2019-05-28 00:00:00-04:00,42.59626770019531
2019-05-29 00:00:00-04:00,42.39313507080078
2019-05-30 00:00:00-04:00,42.613006591796875
2019-05-31 00:00:00-04:00,41.84104537963867
2019-06-03 00:00:00-04:00,41.41802215576172
2019-06-04 00:00:00-04:00,42.933265686035156
2019-06-05 00:00:00-04:00,43.6263427734375
2019-06-06 00:00:00-04:00,44.2668571472168
2019-06-07 00:00:00-04:00,45.44510269165039
2019-06-10 00:00:00-04:00,46.0258674621582
2019-06-11 00:00:00-04:00,46.5588264465332
2019-06-12 00:00:00-04:00,46.4106559753418
2019-06-13 00:00:00-04:00,46.401092529296875
2019-06-14 00:00:00-04:00,46.06410598754883
2019-06-17 00:00:00-04:00,46.33895492553711
2019-06-18 00:00:00-04:00,47.42877960205078
2019-06-19 00:00:00-04:00,47.2901611328125
2019-06-20 00:00:00-04:00,47.670162200927734
2019-06-21 00:00:00-04:00,47.50764465332031
2019-06-24 00:00:00-04:00,47.4598388671875
2019-06-25 00:00:00-04:00,46.74045181274414
2019-06-26 00:00:00-04:00,47.751434326171875
2019-06-27 00:00:00-04:00,47.73708724975586
2019-06-28 00:00:00-04:00,47.30210494995117
2019-07-01 00:00:00-04:00,48.169673919677734
2019-07-02 00:00:00-04:00,48.45167541503906
2019-07-03 00:00:00-04:00,48.85320281982422
2019-07-05 00:00:00-04:00,48.81016540527344
2019-07-08 00:00:00-04:00,47.80400466918945
2019-07-09 00:00:00-04:00,48.095577239990234
2019-07-10 00:00:00-04:00,48.57118606567383
2019-07-11 00:00:00-04:00,48.21746826171875
2019-07-12 00:00:00-04:00,48.587913513183594
2019-07-15 00:00:00-04:00,49.04438781738281
2019-07-16 00:00:00-04:00,48.87470245361328
2019-07-17 00:00:00-04:00,48.599857330322266
2019-07-18 00:00:00-04:00,49.15194320678711
2019-07-19 00:00:00-04:00,48.41822052001953
2019-07-22 00:00:00-04:00,49.52476501464844
2019-07-23 00:00:00-04:00,49.911949157714844
2019-07-24 00:00:00-04:00,49.87130355834961
2019-07-25 00:00:00-04:00,49.47696304321289
2019-07-26 00:00:00-04:00,49.649051666259766
2019-07-29 00:00:00-04:00,50.1126823425293
2019-07-30 00:00:00-04:00,49.89760208129883
2019-07-31 00:00:00-04:00,50.91572570800781
2019-08-01 00:00:00-04:00,49.813961029052734
2019-08-02 00:00:00-04:00,48.759979248046875
2019-08-05 00:00:00-04:00,46.20751190185547
2019-08-06 00:00:00-04:00,47.08222961425781
2019-08-07 00:00:00-04:00,47.56977844238281
2019-08-08 00:00:00-04:00,48.61897659301758
2019-08-09 00:00:00-04:00,48.218345642089844
2019-08-12 00:00:00-04:00,48.09598159790039
2019-08-13 00:00:00-04:00,50.132774353027344
2019-08-14 00:00:00-04:00,48.64057159423828
2019-08-15 00:00:00-04:00,48.39826583862305
2019-08-16 00:00:00-04:00,49.54021453857422
2019-08-19 00:00:00-04:00,50.463829040527344
2019-08-20 00:00:00-04:00,50.466224670410156
2019-08-21 00:00:00-04:00,51.013214111328125
2019-08-22 00:00:00-04:00,50.97003936767578
2019-08-23 00:00:00-04:00,48.61418914794922
2019-08-26 00:00:00-04:00,49.53781509399414
2019-08-27 00:00:00-04:00,48.97883224487305
2019-08-28 00:00:00-04:00,49.3075065612793
2019-08-29 00:00:00-04:00,50.142356872558594
2019-08-30 00:00:00-04:00,50.07760238647461
2019-09-03 00:00:00-04:00,49.34827423095703
2019-09-04 00:00:00-04:00,50.18553924560547
2019-09-05 00:00:00-04:00,51.1667594909668
2019-09-06 00:00:00-04:00,51.161956787109375
2019-09-09 00:00:00-04:00,51.38026809692383
2019-09-10 00:00:00-04:00,51.98722839355469
2019-09-11 00:00:00-04:00,53.640174865722656
2019-09-12 00:00:00-04:00,53.52021789550781
2019-09-13 00:00:00-04:00,52.47903060913086
2019-09-16 00:00:00-04:00,52.75492477416992
2019-09-17 00:00:00-04:00,52.946842193603516
2019-09-18 00:00:00-04:00,53.44344711303711
2019-09-19 00:00:00-04:00,53.009220123291016
2019-09-20 00:00:00-04:00,52.23432540893555
2019-09-23 00:00:00-04:00,52.471832275390625
2019-09-24 00:00:00-04:00,52.22233200073242
2019-09-25 00:00:00-04:00,53.02601623535156
2019-09-26 00:00:00-04:00,52.752525329589844
2019-09-27 00:00:00-04:00,52.495826721191406
2019-09-30 00:00:00-04:00,53.73133087158203
2019-10-01 00:00:00-04:00,53.88006591796875
2019-10-02 00:00:00-04:00,52.5294189453125
2019-10-03 00:00:00-04:00,52.975643157958984
2019-10-04 00:00:00-04:00,54.46063232421875
2019-10-07 00:00:00-04:00,54.472633361816406
2019-10-08 00:00:00-04:00,53.834495544433594
2019-10-09 00:00:00-04:00,54.4654426574707
2019-10-10 00:00:00-04:00,55.199546813964844
2019-10-11 00:00:00-04:00,56.667762756347656
2019-10-14 00:00:00-04:00,56.58619689941406
2019-10-15 00:00:00-04:00,56.454246520996094
2019-10-16 00:00:00-04:00,56.226341247558594
2019-10-17 00:00:00-04:00,56.44466018676758
2019-10-18 00:00:00-04:00,56.71574783325195
2019-10-21 00:00:00-04:00,57.69935989379883
2019-10-22 00:00:00-04:00,57.56740188598633
2019-10-23 00:00:00-04:00,58.339881896972656
2019-10-24 00:00:00-04:00,58.43585205078125
2019-10-25 00:00:00-04:00,59.15556716918945
2019-10-28 00:00:00-04:00,59.74813461303711
2019-10-29 00:00:00-04:00,58.36628723144531
2019-10-30 00:00:00-04:00,58.35908889770508
2019-10-31 00:00:00-04:00,59.67855453491211
2019-11-01 00:00:00-04:00,61.37228775024414
2019-11-04 00:00:00-05:00,61.77531433105469
2019-11-05 00:00:00-05:00,61.686553955078125
2019-11-06 00:00:00-05:00,61.71295166015625
2019-11-07 00:00:00-05:00,62.42519760131836
2019-11-08 00:00:00-05:00,62.5960578918457
2019-11-11 00:00:00-05:00,63.09172439575195
2019-11-12 00:00:00-05:00,63.03397750854492
2019-11-13 00:00:00-05:00,63.637908935546875
2019-11-14 00:00:00-05:00,63.197608947753906
2019-11-15 00:00:00-05:00,63.94834518432617
2019-11-18 00:00:00-05:00,64.27079010009766
2019-11-19 00:00:00-05:00,64.07585144042969
2019-11-20 00:00:00-05:00,63.3299446105957
2019-11-21 00:00:00-05:00,63.045997619628906
2019-11-22 00:00:00-05:00,62.99066162109375
2019-11-25 00:00:00-05:00,64.09512329101562
2019-11-26 00:00:00-05:00,63.59462356567383
2019-11-27 00:00:00-05:00,64.44883728027344
2019-11-29 00:00:00-05:00,64.306884765625
2019-12-02 00:00:00-05:00,63.5633544921875
2019-12-03 00:00:00-05:00,62.43000793457031
2019-12-04 00:00:00-05:00,62.98102951049805
2019-12-05 00:00:00-05:00,63.905025482177734
2019-12-06 00:00:00-05:00,65.13943481445312
2019-12-09 00:00:00-05:00,64.22747802734375
2019-12-10 00:00:00-05:00,64.60285949707031
2019-12-11 00:00:00-05:00,65.15387725830078
2019-12-12 00:00:00-05:00,65.31989288330078
2019-12-13 00:00:00-05:00,66.20781707763672
2019-12-16 00:00:00-05:00,67.34112548828125
2019-12-17 00:00:00-05:00,67.47349548339844
2019-12-18 00:00:00-05:00,67.31227111816406
2019-12-19 00:00:00-05:00,67.37963104248047
2019-12-20 00:00:00-05:00,67.2400894165039
2019-12-23 00:00:00-05:00,68.33733367919922
2019-12-24 00:00:00-05:00,68.40229797363281
2019-12-26 00:00:00-05:00,69.7594223022461
2019-12-27 00:00:00-05:00,69.73297119140625
2019-12-30 00:00:00-05:00,70.14683532714844
2019-12-31 00:00:00-05:00,70.65933990478516
2020-01-02 00:00:00-05:00,72.27155303955078
2020-01-03 00:00:00-05:00,71.56890869140625
2020-01-06 00:00:00-05:00,72.13920593261719
2020-01-07 00:00:00-05:00,71.79991149902344
2020-01-08 00:00:00-05:00,72.95492553710938
2020-01-09 00:00:00-05:00,74.5045394897461
2020-01-10 00:00:00-05:00,74.67295837402344
2020-01-13 00:00:00-05:00,76.268310546875
2020-01-14 00:00:00-05:00,75.23847198486328
2020-01-15 00:00:00-05:00,74.916015625
2020-01-16 00:00:00-05:00,75.85441589355469
2020-01-17 00:00:00-05:00,76.69419860839844
2020-01-21 00:00:00-05:00,76.17448425292969
2020-01-22 00:00:00-05:00,76.44638061523438
2020-01-23 00:00:00-05:00,76.81456756591797
2020-01-24 00:00:00-05:00,76.59317016601562
2020-01-27 00:00:00-05:00,74.34092712402344
2020-01-28 00:00:00-05:00,76.44396209716797
2020-01-29 00:00:00-05:00,78.04412078857422
2020-01-30 00:00:00-05:00,77.93103790283203
2020-01-31 00:00:00-05:00,74.47566986083984
2020-02-03 00:00:00-05:00,74.27114868164062
2020-02-04 00:00:00-05:00,76.72308349609375
2020-02-05 00:00:00-05:00,77.34872436523438
2020-02-06 00:00:00-05:00,78.2534408569336
2020-02-07 00:00:00-05:00,77.1897964477539
2020-02-10 00:00:00-05:00,77.55640411376953
2020-02-11 00:00:00-05:00,77.08848571777344
2020-02-12 00:00:00-05:00,78.91915893554688
2020-02-13 00:00:00-05:00,78.35717010498047
2020-02-14 00:00:00-05:00,78.3764877319336
2020-02-18 00:00:00-05:00,76.94137573242188
2020-02-19 00:00:00-05:00,78.05567932128906
2020-02-20 00:00:00-05:00,77.25492095947266
2020-02-21 00:00:00-05:00,75.5062484741211
2020-02-24 00:00:00-05:00,71.9197006225586
2020-02-25 00:00:00-05:00,69.48359680175781
2020-02-26 00:00:00-05:00,70.58585357666016
2020-02-27 00:00:00-05:00,65.97177124023438
2020-02-28 00:00:00-05:00,65.93317413330078
2020-03-02 00:00:00-05:00,72.07162475585938
2020-03-03 00:00:00-05:00,69.78268432617188
2020-03-04 00:00:00-05:00,73.01951599121094
2020-03-05 00:00:00-05:00,70.65098571777344
2020-03-06 00:00:00-05:00,69.7127456665039
2020-03-09 00:00:00-04:00,64.19898986816406
2020-03-10 00:00:00-04:00,68.82270812988281
2020-03-11 00:00:00-04:00,66.43245697021484
2020-03-12 00:00:00-04:00,59.871952056884766
2020-03-13 00:00:00-04:00,67.04512023925781
2020-03-16 00:00:00-04:00,58.419960021972656
2020-03-17 00:00:00-04:00,60.98869705200195
2020-03-18 00:00:00-04:00,59.49570083618164
2020-03-19 00:00:00-04:00,59.03982925415039
2020-03-20 00:00:00-04:00,55.29166793823242
2020-03-23 00:00:00-04:00,54.11703109741211
2020-03-24 00:00:00-04:00,59.54633712768555
2020-03-25 00:00:00-04:00,59.218318939208984
2020-03-26 00:00:00-04:00,62.334556579589844
2020-03-27 00:00:00-04:00,59.75376892089844
2020-03-30 00:00:00-04:00,61.45901107788086
2020-03-31 00:00:00-04:00,61.3336067199707
2020-04-01 00:00:00-04:00,58.106414794921875
2020-04-02 00:00:00-04:00,59.076011657714844
2020-04-03 00:00:00-04:00,58.22699737548828
2020-04-06 00:00:00-04:00,63.30656814575195
2020-04-07 00:00:00-04:00,62.5733528137207
2020-04-08 00:00:00-04:00,64.17489624023438
2020-04-09 00:00:00-04:00,64.63799285888672
2020-04-13 00:00:00-04:00,65.90666961669922
2020-04-14 00:00:00-04:00,69.23516845703125
2020-04-15 00:00:00-04:00,68.6032485961914
2020-04-16 00:00:00-04:00,69.1483383178711
2020-04-17 00:00:00-04:00,68.2100601196289
2020-04-20 00:00:00-04:00,66.79424285888672
2020-04-21 00:00:00-04:00,64.7296371459961
2020-04-22 00:00:00-04:00,66.59406280517578
2020-04-23 00:00:00-04:00,66.33599090576172
2020-04-24 00:00:00-04:00,68.2510757446289
2020-04-27 00:00:00-04:00,68.29931640625
2020-04-28 00:00:00-04:00,67.1922378540039
2020-04-29 00:00:00-04:00,69.39916229248047
2020-04-30 00:00:00-04:00,70.86322784423828
2020-05-01 00:00:00-04:00,69.7223892211914
2020-05-04 00:00:00-04:00,70.70887756347656
2020-05-05 00:00:00-04:00,71.77012634277344
2020-05-06 00:00:00-04:00,72.51060485839844
2020-05-07 00:00:00-04:00,73.2607192993164
2020-05-08 00:00:00-04:00,75.00445556640625
2020-05-11 00:00:00-04:00,76.18465423583984
2020-05-12 00:00:00-04:00,75.31400299072266
2020-05-13 00:00:00-04:00,74.40465545654297
2020-05-14 00:00:00-04:00,74.86174011230469
2020-05-15 00:00:00-04:00,74.4191665649414
2020-05-18 00:00:00-04:00,76.17256927490234
2020-05-19 00:00:00-04:00,75.73241424560547
2020-05-20 00:00:00-04:00,77.20526885986328
2020-05-21 00:00:00-04:00,76.62968444824219
2020-05-22 00:00:00-04:00,77.12303161621094
2020-05-26 00:00:00-04:00,76.60066223144531
2020-05-27 00:00:00-04:00,76.93440246582031
2020-05-28 00:00:00-04:00,76.96826934814453
2020-05-29 00:00:00-04:00,76.89326477050781
2020-06-01 00:00:00-04:00,77.8388900756836
2020-06-02 00:00:00-04:00,78.19926452636719
2020-06-03 00:00:00-04:00,78.62973022460938
2020-06-04 00:00:00-04:00,77.95257568359375
2020-06-05 00:00:00-04:00,80.1727523803711
2020-06-08 00:00:00-04:00,80.64675903320312
2020-06-09 00:00:00-04:00,83.19342803955078
2020-06-10 00:00:00-04:00,85.33377838134766
2020-06-11 00:00:00-04:00,81.23688507080078
2020-06-12 00:00:00-04:00,81.93824768066406
2020-06-15 00:00:00-04:00,82.95158386230469
2020-06-16 00:00:00-04:00,85.14998626708984
2020-06-17 00:00:00-04:00,85.0314712524414
2020-06-18 00:00:00-04:00,85.06534576416016
2020-06-19 00:00:00-04:00,84.57921600341797
2020-06-22 00:00:00-04:00,86.79212188720703
2020-06-23 00:00:00-04:00,88.64471435546875
2020-06-24 00:00:00-04:00,87.07992553710938
2020-06-25 00:00:00-04:00,88.2359619140625
2020-06-26 00:00:00-04:00,85.52484893798828
2020-06-29 00:00:00-04:00,87.49589538574219
2020-06-30 00:00:00-04:00,88.22628784179688
2020-07-01 00:00:00-04:00,88.05940246582031
2020-07-02 00:00:00-04:00,88.05940246582031
2020-07-06 00:00:00-04:00,90.4150161743164
2020-07-07 00:00:00-04:00,90.1344985961914
2020-07-08 00:00:00-04:00,92.23370361328125
2020-07-09 00:00:00-04:00,92.63035583496094
2020-07-10 00:00:00-04:00,92.79239654541016
2020-07-13 00:00:00-04:00,92.36431884765625
2020-07-14 00:00:00-04:00,93.89281463623047
2020-07-15 00:00:00-04:00,94.53853607177734
2020-07-16 00:00:00-04:00,93.37525177001953
2020-07-17 00:00:00-04:00,93.18661499023438
2020-07-20 00:00:00-04:00,95.15040588378906
2020-07-21 00:00:00-04:00,93.837158203125
2020-07-22 00:00:00-04:00,94.1008071899414
2020-07-23 00:00:00-04:00,89.81765747070312
2020-07-24 00:00:00-04:00,89.59515380859375
2020-07-27 00:00:00-04:00,91.71858978271484
2020-07-28 00:00:00-04:00,90.21187591552734
2020-07-29 00:00:00-04:00,91.94107818603516
2020-07-30 00:00:00-04:00,93.05358123779297
2020-07-31 00:00:00-04:00,102.79522705078125
2020-08-03 00:00:00-04:00,105.38542175292969
2020-08-04 00:00:00-04:00,106.0892105102539
2020-08-05 00:00:00-04:00,106.4737548828125
2020-08-06 00:00:00-04:00,110.18856048583984
2020-08-07 00:00:00-04:00,107.68333435058594
2020-08-10 00:00:00-04:00,109.24846649169922
2020-08-11 00:00:00-04:00,105.99945068359375
2020-08-12 00:00:00-04:00,109.52227020263672
2020-08-13 00:00:00-04:00,111.46053314208984
2020-08-14 00:00:00-04:00,111.36121368408203
2020-08-17 00:00:00-04:00,111.07047271728516
2020-08-18 00:00:00-04:00,111.9959716796875
2020-08-19 00:00:00-04:00,112.13651275634766
2020-08-20 00:00:00-04:00,114.6247787475586
2020-08-21 00:00:00-04:00,120.53165435791016
2020-08-24 00:00:00-04:00,121.9732666015625
2020-08-25 00:00:00-04:00,120.97262573242188
2020-08-26 00:00:00-04:00,122.61773681640625
2020-08-27 00:00:00-04:00,121.15190887451172
2020-08-28 00:00:00-04:00,120.95565795898438
2020-08-31 00:00:00-04:00,125.05752563476562
2020-09-01 00:00:00-04:00,130.03890991210938
2020-09-02 00:00:00-04:00,127.34468078613281
2020-09-03 00:00:00-04:00,117.14936828613281
2020-09-04 00:00:00-04:00,117.22691345214844
2020-09-08 00:00:00-04:00,109.33811950683594
2020-09-09 00:00:00-04:00,113.69926452636719
2020-09-10 00:00:00-04:00,109.98745727539062
2020-09-11 00:00:00-04:00,108.5434341430664
2020-09-14 00:00:00-04:00,111.79972839355469
2020-09-15 00:00:00-04:00,111.97417449951172
2020-09-16 00:00:00-04:00,108.66943359375
2020-09-17 00:00:00-04:00,106.93466186523438
2020-09-18 00:00:00-04:00,103.54267883300781
2020-09-21 00:00:00-04:00,106.68270111083984
2020-09-22 00:00:00-04:00,108.35930633544922
2020-09-23 00:00:00-04:00,103.81403350830078
2020-09-24 00:00:00-04:00,104.88009643554688
2020-09-25 00:00:00-04:00,108.81480407714844
2020-09-28 00:00:00-04:00,111.41206359863281
2020-09-29 00:00:00-04:00,110.56893157958984
2020-09-30 00:00:00-04:00,112.23583984375
2020-10-01 00:00:00-04:00,113.18560791015625
2020-10-02 00:00:00-04:00,109.53195190429688
2020-10-05 00:00:00-04:00,112.90455627441406
2020-10-06 00:00:00-04:00,109.66763305664062
2020-10-07 00:00:00-04:00,111.52838897705078
2020-10-08 00:00:00-04:00,111.4217758178711
2020-10-09 00:00:00-04:00,113.36003875732422
2020-10-12 00:00:00-04:00,120.56075286865234
2020-10-13 00:00:00-04:00,117.3625717163086
2020-10-14 00:00:00-04:00,117.44982147216797
2020-10-15 00:00:00-04:00,116.98463439941406
2020-10-16 00:00:00-04:00,115.34678649902344
2020-10-19 00:00:00-04:00,112.40059661865234
2020-10-20 00:00:00-04:00,113.88339233398438
2020-10-21 00:00:00-04:00,113.26314544677734
2020-10-22 00:00:00-04:00,112.1777114868164
2020-10-23 00:00:00-04:00,111.48960876464844
2020-10-26 00:00:00-04:00,111.49932861328125
2020-10-27 00:00:00-04:00,113.00146484375
2020-10-28 00:00:00-04:00,107.76811218261719
2020-10-29 00:00:00-04:00,111.76097869873047
2020-10-30 00:00:00-04:00,105.50033569335938
2020-11-02 00:00:00-05:00,105.41311645507812
2020-11-03 00:00:00-05:00,107.03160095214844
2020-11-04 00:00:00-05:00,111.40237426757812
2020-11-05 00:00:00-05:00,115.35648345947266
2020-11-06 00:00:00-05:00,115.22542572021484
2020-11-09 00:00:00-05:00,112.92459869384766
2020-11-10 00:00:00-05:00,112.58482360839844
2020-11-11 00:00:00-05:00,116.00205993652344
2020-11-12 00:00:00-05:00,115.73023223876953
2020-11-13 00:00:00-05:00,115.77877807617188
2020-11-16 00:00:00-05:00,116.78842163085938
2020-11-17 00:00:00-05:00,115.90498352050781
2020-11-18 00:00:00-05:00,114.5846939086914
2020-11-19 00:00:00-05:00,115.1768798828125
2020-11-20 00:00:00-05:00,113.91482543945312
2020-11-23 00:00:00-05:00,110.52669525146484
2020-11-24 00:00:00-05:00,111.80816650390625
2020-11-25 00:00:00-05:00,112.64306640625
2020-11-27 00:00:00-05:00,113.18671417236328
2020-11-30 00:00:00-05:00,115.57492065429688
2020-12-01 00:00:00-05:00,119.13778686523438
2020-12-02 00:00:00-05:00,119.48726654052734
2020-12-03 00:00:00-05:00,119.35136413574219
2020-12-04 00:00:00-05:00,118.6814956665039
2020-12-07 00:00:00-05:00,120.13770294189453
2020-12-08 00:00:00-05:00,120.74932861328125
2020-12-09 00:00:00-05:00,118.22520446777344
2020-12-10 00:00:00-05:00,119.64260864257812
2020-12-11 00:00:00-05:00,118.83683776855469
2020-12-14 00:00:00-05:00,118.22520446777344
2020-12-15 00:00:00-05:00,124.14716339111328
2020-12-16 00:00:00-05:00,124.07921600341797
2020-12-17 00:00:00-05:00,124.94319915771484
2020-12-18 00:00:00-05:00,122.96278381347656
2020-12-21 00:00:00-05:00,124.4869384765625
2020-12-22 00:00:00-05:00,128.0303955078125
2020-12-23 00:00:00-05:00,127.13725280761719
2020-12-24 00:00:00-05:00,128.11781311035156
2020-12-28 00:00:00-05:00,132.69996643066406
2020-12-29 00:00:00-05:00,130.93313598632812
2020-12-30 00:00:00-05:00,129.81668090820312
2020-12-31 00:00:00-05:00,128.8167724609375
2021-01-04 00:00:00-05:00,125.63250732421875
2021-01-05 00:00:00-05:00,127.185791015625
2021-01-06 00:00:00-05:00,122.90451049804688
2021-01-07 00:00:00-05:00,127.0984115600586
2021-01-08 00:00:00-05:00,128.19544982910156
2021-01-11 00:00:00-05:00,125.21504211425781
2021-01-12 00:00:00-05:00,125.04029083251953
2021-01-13 00:00:00-05:00,127.06930541992188
2021-01-14 00:00:00-05:00,125.14708709716797
2021-01-15 00:00:00-05:00,123.42876434326172
2021-01-19 00:00:00-05:00,124.09861755371094
2021-01-20 00:00:00-05:00,128.17601013183594
2021-01-21 00:00:00-05:00,132.87472534179688
2021-01-22 00:00:00-05:00,135.010498046875
2021-01-25 00:00:00-05:00,138.74813842773438
2021-01-26 00:00:00-05:00,138.98114013671875
2021-01-27 00:00:00-05:00,137.91323852539062
2021-01-28 00:00:00-05:00,133.08827209472656
2021-01-29 00:00:00-05:00,128.10809326171875
2021-02-01 00:00:00-05:00,130.22439575195312
2021-02-02 00:00:00-05:00,131.0496368408203
2021-02-03 00:00:00-05:00,130.03025817871094
2021-02-04 00:00:00-05:00,133.37953186035156
2021-02-05 00:00:00-05:00,132.96633911132812
2021-02-08 00:00:00-05:00,133.11215209960938
2021-02-09 00:00:00-05:00,132.2371826171875
2021-02-10 00:00:00-05:00,131.6343536376953
2021-02-11 00:00:00-05:00,131.38156127929688
2021-02-12 00:00:00-05:00,131.6149139404297
2021-02-16 00:00:00-05:00,129.49537658691406
2021-02-17 00:00:00-05:00,127.21056365966797
2021-02-18 00:00:00-05:00,126.11190032958984
2021-02-19 00:00:00-05:00,126.26747131347656
2021-02-22 00:00:00-05:00,122.50484466552734
2021-02-23 00:00:00-05:00,122.36869812011719
2021-02-24 00:00:00-05:00,121.87286376953125
2021-02-25 00:00:00-05:00,117.63379669189453
2021-02-26 00:00:00-05:00,117.89630126953125
2021-03-01 00:00:00-05:00,124.24516296386719
2021-03-02 00:00:00-05:00,121.64923858642578
2021-03-03 00:00:00-05:00,118.67412567138672
2021-03-04 00:00:00-05:00,116.79764556884766
2021-03-05 00:00:00-05:00,118.0518569946289
2021-03-08 00:00:00-05:00,113.13223266601562
2021-03-09 00:00:00-05:00,117.73100280761719
2021-03-10 00:00:00-05:00,116.65181732177734
2021-03-11 00:00:00-05:00,118.57687377929688
2021-03-12 00:00:00-05:00,117.67268371582031
2021-03-15 00:00:00-04:00,120.55057525634766
2021-03-16 00:00:00-04:00,122.08673095703125
2021-03-17 00:00:00-04:00,121.2992172241211
2021-03-18 00:00:00-04:00,117.1865463256836
2021-03-19 00:00:00-04:00,116.66153717041016
2021-03-22 00:00:00-04:00,119.96722412109375
2021-03-23 00:00:00-04:00,119.14080810546875
2021-03-24 00:00:00-04:00,116.7587661743164
2021-03-25 00:00:00-04:00,117.24488067626953
2021-03-26 00:00:00-04:00,117.84770202636719
2021-03-29 00:00:00-04:00,118.02271270751953
2021-03-30 00:00:00-04:00,116.57405853271484
2021-03-31 00:00:00-04:00,118.76161193847656
2021-04-01 00:00:00-04:00,119.58805084228516
2021-04-05 00:00:00-04:00,122.4075927734375
2021-04-06 00:00:00-04:00,122.7090072631836
2021-04-07 00:00:00-04:00,124.35211944580078
2021-04-08 00:00:00-04:00,126.74385833740234
2021-04-09 00:00:00-04:00,129.31063842773438
2021-04-12 00:00:00-04:00,127.59947967529297
2021-04-13 00:00:00-04:00,130.70095825195312
2021-04-14 00:00:00-04:00,128.36753845214844
2021-04-15 00:00:00-04:00,130.76905822753906
2021-04-16 00:00:00-04:00,130.43849182128906
2021-04-19 00:00:00-04:00,131.09957885742188
2021-04-20 00:00:00-04:00,129.41758728027344
2021-04-21 00:00:00-04:00,129.79678344726562
2021-04-22 00:00:00-04:00,128.28005981445312
2021-04-23 00:00:00-04:00,130.5940399169922
2021-04-26 00:00:00-04:00,130.9829559326172
2021-04-27 00:00:00-04:00,130.66207885742188
2021-04-28 00:00:00-04:00,129.8745880126953
2021-04-29 00:00:00-04:00,129.77732849121094
2021-04-30 00:00:00-04:00,127.81339263916016
2021-05-03 00:00:00-04:00,128.86337280273438
2021-05-04 00:00:00-04:00,124.30349731445312
2021-05-05 00:00:00-04:00,124.54656982421875
2021-05-06 00:00:00-04:00,126.1410903930664
2021-05-07 00:00:00-04:00,126.81307983398438
2021-05-10 00:00:00-04:00,123.54074096679688
2021-05-11 00:00:00-04:00,122.6252670288086
2021-05-12 00:00:00-04:00,119.56716918945312
2021-05-13 00:00:00-04:00,121.70977783203125
2021-05-14 00:00:00-04:00,124.12509155273438
2021-05-17 00:00:00-04:00,122.97586822509766
2021-05-18 00:00:00-04:00,121.59291076660156
2021-05-19 00:00:00-04:00,121.43709564208984
2021-05-20 00:00:00-04:00,123.9887466430664
2021-05-21 00:00:00-04:00,122.15776824951172
2021-05-24 00:00:00-04:00,123.78421783447266
2021-05-25 00:00:00-04:00,123.58942413330078
2021-05-26 00:00:00-04:00,123.54074096679688
2021-05-27 00:00:00-04:00,122.0116958618164
2021-05-28 00:00:00-04:00,121.35916137695312
2021-06-01 00:00:00-04:00,121.03776550292969
2021-06-02 00:00:00-04:00,121.79742431640625
2021-06-03 00:00:00-04:00,120.31708526611328
2021-06-04 00:00:00-04:00,122.60577392578125
2021-06-07 00:00:00-04:00,122.61550903320312
2021-06-08 00:00:00-04:00,123.43360137939453
2021-06-09 00:00:00-04:00,123.81343078613281
2021-06-10 00:00:00-04:00,122.82003784179688
2021-06-11 00:00:00-04:00,124.02767944335938
2021-06-14 00:00:00-04:00,127.07603454589844
2021-06-15 00:00:00-04:00,126.25797271728516
2021-06-16 00:00:00-04:00,126.75465393066406
2021-06-17 00:00:00-04:00,128.35186767578125
2021-06-18 00:00:00-04:00,127.05654907226562
2021-06-21 00:00:00-04:00,128.84854125976562
2021-06-22 00:00:00-04:00,130.48472595214844
2021-06-23 00:00:00-04:00,130.21202087402344
2021-06-24 00:00:00-04:00,129.9296112060547
2021-06-25 00:00:00-04:00,129.63739013671875
2021-06-28 00:00:00-04:00,131.2638702392578
2021-06-29 00:00:00-04:00,132.77342224121094
2021-06-30 00:00:00-04:00,133.38697814941406
2021-07-01 00:00:00-04:00,133.68893432617188
2021-07-02 00:00:00-04:00,136.30873107910156
2021-07-06 00:00:00-04:00,138.31503295898438
2021-07-07 00:00:00-04:00,140.79849243164062
2021-07-08 00:00:00-04:00,139.503173828125
2021-07-09 00:00:00-04:00,141.32437133789062
2021-07-12 00:00:00-04:00,140.73023986816406
2021-07-13 00:00:00-04:00,141.8405303955078
2021-07-14 00:00:00-04:00,145.2589569091797
2021-07-15 00:00:00-04:00,144.6064453125
2021-07-16 00:00:00-04:00,142.57098388671875
2021-07-19 00:00:00-04:00,138.73373413085938
2021-07-20 00:00:00-04:00,142.3372344970703
2021-07-21 00:00:00-04:00,141.6067657470703
2021-07-22 00:00:00-04:00,142.9702606201172
2021-07-23 00:00:00-04:00,144.68431091308594
2021-07-26 00:00:00-04:00,145.10316467285156
2021-07-27 00:00:00-04:00,142.9410400390625
2021-07-28 00:00:00-04:00,141.19773864746094
2021-07-29 00:00:00-04:00,141.8405303955078
2021-07-30 00:00:00-04:00,142.05479431152344
2021-08-02 00:00:00-04:00,141.72369384765625
2021-08-03 00:00:00-04:00,143.5156707763672
2021-08-04 00:00:00-04:00,143.11636352539062
2021-08-05 00:00:00-04:00,143.22349548339844
2021-08-06 00:00:00-04:00,142.5407257080078
2021-08-09 00:00:00-04:00,142.491943359375
2021-08-10 00:00:00-04:00,142.01405334472656
2021-08-11 00:00:00-04:00,142.2676544189453
2021-08-12 00:00:00-04:00,145.2230224609375
2021-08-13 00:00:00-04:00,145.42782592773438
2021-08-16 00:00:00-04:00,147.39808654785156
2021-08-17 00:00:00-04:00,146.4910430908203
2021-08-18 00:00:00-04:00,142.75531005859375
2021-08-19 00:00:00-04:00,143.08697509765625
2021-08-20 00:00:00-04:00,144.5402069091797
2021-08-23 00:00:00-04:00,146.02284240722656
2021-08-24 00:00:00-04:00,145.9350128173828
2021-08-25 00:00:00-04:00,144.70603942871094
2021-08-26 00:00:00-04:00,143.90625
2021-08-27 00:00:00-04:00,144.94012451171875
2021-08-30 00:00:00-04:00,149.34881591796875
2021-08-31 00:00:00-04:00,148.0906219482422
2021-09-01 00:00:00-04:00,148.75384521484375
2021-09-02 00:00:00-04:00,149.8657684326172
2021-09-03 00:00:00-04:00,150.49977111816406
2021-09-07 00:00:00-04:00,152.8309326171875
2021-09-08 00:00:00-04:00,151.28982543945312
2021-09-09 00:00:00-04:00,150.2754364013672
2021-09-10 00:00:00-04:00,145.30105590820312
2021-09-13 00:00:00-04:00,145.86679077148438
2021-09-14 00:00:00-04:00,144.47198486328125
2021-09-15 00:00:00-04:00,145.35955810546875
2021-09-16 00:00:00-04:00,145.12547302246094
2021-09-17 00:00:00-04:00,142.46267700195312
2021-09-20 00:00:00-04:00,139.4195556640625
2021-09-21 00:00:00-04:00,139.8974609375
2021-09-22 00:00:00-04:00,142.25791931152344
2021-09-23 00:00:00-04:00,143.21372985839844
2021-09-24 00:00:00-04:00,143.30154418945312
2021-09-27 00:00:00-04:00,141.7897186279297
2021-09-28 00:00:00-04:00,138.4149627685547
2021-09-29 00:00:00-04:00,139.31227111816406
2021-09-30 00:00:00-04:00,138.01504516601562
2021-10-01 00:00:00-04:00,139.13668823242188
2021-10-04 00:00:00-04:00,135.713134765625
2021-10-05 00:00:00-04:00,137.6345977783203
2021-10-06 00:00:00-04:00,138.50271606445312
2021-10-07 00:00:00-04:00,139.76092529296875
2021-10-08 00:00:00-04:00,139.38050842285156
2021-10-11 00:00:00-04:00,139.29273986816406
2021-10-12 00:00:00-04:00,138.0247802734375
2021-10-13 00:00:00-04:00,137.43959045410156
2021-10-14 00:00:00-04:00,140.21934509277344
2021-10-15 00:00:00-04:00,141.27276611328125
2021-10-18 00:00:00-04:00,142.94061279296875
2021-10-19 00:00:00-04:00,145.09619140625
2021-10-20 00:00:00-04:00,145.58389282226562
2021-10-21 00:00:00-04:00,145.79849243164062
2021-10-22 00:00:00-04:00,145.02792358398438
2021-10-25 00:00:00-04:00,144.9792022705078
2021-10-26 00:00:00-04:00,145.6424102783203
2021-10-27 00:00:00-04:00,145.18402099609375
2021-10-28 00:00:00-04:00,148.81239318847656
2021-10-29 00:00:00-04:00,146.11058044433594
2021-11-01 00:00:00-04:00,145.2913055419922
2021-11-02 00:00:00-04:00,146.32522583007812
2021-11-03 00:00:00-04:00,147.75897216796875
2021-11-04 00:00:00-04:00,147.24203491210938
2021-11-05 00:00:00-04:00,147.76953125
2021-11-08 00:00:00-05:00,146.9490203857422
2021-11-09 00:00:00-05:00,147.31040954589844
2021-11-10 00:00:00-05:00,144.4875030517578
2021-11-11 00:00:00-05:00,144.43861389160156
2021-11-12 00:00:00-05:00,146.50942993164062
2021-11-15 00:00:00-05:00,146.51919555664062
2021-11-16 00:00:00-05:00,147.49600219726562
2021-11-17 00:00:00-05:00,149.92820739746094
2021-11-18 00:00:00-05:00,154.20657348632812
2021-11-19 00:00:00-05:00,156.8244171142578
2021-11-22 00:00:00-05:00,157.2834930419922
2021-11-23 00:00:00-05:00,157.6644287109375
2021-11-24 00:00:00-05:00,158.18215942382812
2021-11-26 00:00:00-05:00,153.17115783691406
2021-11-29 00:00:00-05:00,156.52157592773438
2021-11-30 00:00:00-05:00,161.46417236328125
2021-12-01 00:00:00-05:00,160.9464569091797
2021-12-02 00:00:00-05:00,159.95989990234375
2021-12-03 00:00:00-05:00,158.0844268798828
2021-12-06 00:00:00-05:00,161.4836883544922
2021-12-07 00:00:00-05:00,167.2077178955078
2021-12-08 00:00:00-05:00,171.0172119140625
2021-12-09 00:00:00-05:00,170.50926208496094
2021-12-10 00:00:00-05:00,175.2858123779297
2021-12-13 00:00:00-05:00,171.66189575195312
2021-12-14 00:00:00-05:00,170.28463745117188
2021-12-15 00:00:00-05:00,175.13931274414062
2021-12-16 00:00:00-05:00,168.26263427734375
2021-12-17 00:00:00-05:00,167.1686553955078
2021-12-20 00:00:00-05:00,165.8108673095703
2021-12-21 00:00:00-05:00,168.9757080078125
2021-12-22 00:00:00-05:00,171.56419372558594
2021-12-23 00:00:00-05:00,172.18934631347656
2021-12-27 00:00:00-05:00,176.14540100097656
2021-12-28 00:00:00-05:00,175.12953186035156
2021-12-29 00:00:00-05:00,175.2174072265625
2021-12-30 00:00:00-05:00,174.06480407714844
2021-12-31 00:00:00-05:00,173.4494171142578
2022-01-03 00:00:00-05:00,177.786376953125
2022-01-04 00:00:00-05:00,175.5299835205078
2022-01-05 00:00:00-05:00,170.8609161376953
2022-01-06 00:00:00-05:00,168.00865173339844
2022-01-07 00:00:00-05:00,168.1747589111328
2022-01-10 00:00:00-05:00,168.19427490234375
2022-01-11 00:00:00-05:00,171.0172119140625
2022-01-12 00:00:00-05:00,171.45675659179688
2022-01-13 00:00:00-05:00,168.19427490234375
2022-01-14 00:00:00-05:00,169.05386352539062
2022-01-18 00:00:00-05:00,165.85972595214844
2022-01-19 00:00:00-05:00,162.37257385253906
2022-01-20 00:00:00-05:00,160.69247436523438
2022-01-21 00:00:00-05:00,158.64125061035156
2022-01-24 00:00:00-05:00,157.86953735351562
2022-01-25 00:00:00-05:00,156.07223510742188
2022-01-26 00:00:00-05:00,155.98431396484375
2022-01-27 00:00:00-05:00,155.52525329589844
2022-01-28 00:00:00-05:00,166.37744140625
2022-01-31 00:00:00-05:00,170.72415161132812
2022-02-01 00:00:00-05:00,170.55812072753906
2022-02-02 00:00:00-05:00,171.75961303710938
2022-02-03 00:00:00-05:00,168.88778686523438
2022-02-04 00:00:00-05:00,168.60418701171875
2022-02-07 00:00:00-05:00,167.8902130126953
2022-02-08 00:00:00-05:00,170.9906005859375
2022-02-09 00:00:00-05:00,172.40872192382812
2022-02-10 00:00:00-05:00,168.34007263183594
2022-02-11 00:00:00-05:00,164.93650817871094
2022-02-14 00:00:00-05:00,165.17124938964844
2022-02-15 00:00:00-05:00,168.99537658691406
2022-02-16 00:00:00-05:00,168.7606658935547
2022-02-17 00:00:00-05:00,165.17124938964844
2022-02-18 00:00:00-05:00,163.62594604492188
2022-02-22 00:00:00-05:00,160.7113800048828
2022-02-23 00:00:00-05:00,156.55477905273438
2022-02-24 00:00:00-05:00,159.16610717773438
2022-02-25 00:00:00-05:00,161.22976684570312
2022-02-28 00:00:00-05:00,161.49383544921875
2022-03-01 00:00:00-05:00,159.615966796875
2022-03-02 00:00:00-05:00,162.9022216796875
2022-03-03 00:00:00-05:00,162.57943725585938
2022-03-04 00:00:00-05:00,159.58663940429688
2022-03-07 00:00:00-05:00,155.80165100097656
2022-03-08 00:00:00-05:00,153.9824676513672
2022-03-09 00:00:00-05:00,159.37149047851562
2022-03-10 00:00:00-05:00,155.03875732421875
2022-03-11 00:00:00-05:00,151.33200073242188
2022-03-14 00:00:00-04:00,147.312255859375
2022-03-15 00:00:00-04:00,151.68406677246094
2022-03-16 00:00:00-04:00,156.08526611328125
2022-03-17 00:00:00-04:00,157.09266662597656
2022-03-18 00:00:00-04:00,160.37884521484375
2022-03-21 00:00:00-04:00,161.7481231689453
2022-03-22 00:00:00-04:00,165.11256408691406
2022-03-23 00:00:00-04:00,166.4720001220703
2022-03-24 00:00:00-04:00,170.24725341796875
2022-03-25 00:00:00-04:00,170.88296508789062
2022-03-28 00:00:00-04:00,171.74365234375
2022-03-29 00:00:00-04:00,175.02992248535156
2022-03-30 00:00:00-04:00,173.8660430908203
2022-03-31 00:00:00-04:00,170.77542114257812
2022-04-01 00:00:00-04:00,170.4820098876953
2022-04-04 00:00:00-04:00,174.52133178710938
2022-04-05 00:00:00-04:00,171.21556091308594
2022-04-06 00:00:00-04:00,168.05645751953125
2022-04-07 00:00:00-04:00,168.3596954345703
2022-04-08 00:00:00-04:00,166.3546905517578
2022-04-11 00:00:00-04:00,162.1099853515625
2022-04-12 00:00:00-04:00,163.9780731201172
2022-04-13 00:00:00-04:00,166.65786743164062
2022-04-14 00:00:00-04:00,161.6600799560547
2022-04-18 00:00:00-04:00,161.44493103027344
2022-04-19 00:00:00-04:00,163.7237548828125
2022-04-20 00:00:00-04:00,163.5574493408203
2022-04-21 00:00:00-04:00,162.76527404785156
2022-04-22 00:00:00-04:00,158.23699951171875
2022-04-25 00:00:00-04:00,159.30300903320312
2022-04-26 00:00:00-04:00,153.35655212402344
2022-04-27 00:00:00-04:00,153.131591796875
2022-04-28 00:00:00-04:00,160.0463104248047
2022-04-29 00:00:00-04:00,154.18783569335938
2022-05-02 00:00:00-04:00,154.4910888671875
2022-05-03 00:00:00-04:00,155.9776611328125
2022-05-04 00:00:00-04:00,162.3740692138672
2022-05-05 00:00:00-04:00,153.3271942138672
2022-05-06 00:00:00-04:00,154.0520477294922
2022-05-09 00:00:00-04:00,148.93911743164062
2022-05-10 00:00:00-04:00,151.3388671875
2022-05-11 00:00:00-04:00,143.49325561523438
2022-05-12 00:00:00-04:00,139.6340789794922
2022-05-13 00:00:00-04:00,144.0907440185547
2022-05-16 00:00:00-04:00,142.5529327392578
2022-05-17 00:00:00-04:00,146.17703247070312
2022-05-18 00:00:00-04:00,137.92979431152344
2022-05-19 00:00:00-04:00,134.53106689453125
2022-05-20 00:00:00-04:00,134.76614379882812
2022-05-23 00:00:00-04:00,140.17283630371094
2022-05-24 00:00:00-04:00,137.47927856445312
2022-05-25 00:00:00-04:00,137.63600158691406
2022-05-26 00:00:00-04:00,140.8291015625
2022-05-27 00:00:00-04:00,146.56878662109375
2022-05-31 00:00:00-04:00,145.7852325439453
2022-06-01 00:00:00-04:00,145.6578826904297
2022-06-02 00:00:00-04:00,148.10659790039062
2022-06-03 00:00:00-04:00,142.39627075195312
2022-06-06 00:00:00-04:00,143.14065551757812
2022-06-07 00:00:00-04:00,145.6578826904297
2022-06-08 00:00:00-04:00,144.92332458496094
2022-06-09 00:00:00-04:00,139.7124786376953
2022-06-10 00:00:00-04:00,134.31558227539062
2022-06-13 00:00:00-04:00,129.17330932617188
2022-06-14 00:00:00-04:00,130.03521728515625
2022-06-15 00:00:00-04:00,132.65040588378906
2022-06-16 00:00:00-04:00,127.39066314697266
2022-06-17 00:00:00-04:00,128.85987854003906
2022-06-21 00:00:00-04:00,133.08145141601562
2022-06-22 00:00:00-04:00,132.57211303710938
2022-06-23 00:00:00-04:00,135.4322052001953
2022-06-24 00:00:00-04:00,138.75257873535156
2022-06-27 00:00:00-04:00,138.75257873535156
2022-06-28 00:00:00-04:00,134.61920166015625
2022-06-29 00:00:00-04:00,136.37246704101562
2022-06-30 00:00:00-04:00,133.91400146484375
2022-07-01 00:00:00-04:00,136.07862854003906
2022-07-05 00:00:00-04:00,138.65463256835938
2022-07-06 00:00:00-04:00,139.9867401123047
2022-07-07 00:00:00-04:00,143.34634399414062
2022-07-08 00:00:00-04:00,144.02220153808594
2022-07-11 00:00:00-04:00,141.89669799804688
2022-07-12 00:00:00-04:00,142.8663787841797
2022-07-13 00:00:00-04:00,142.5039825439453
2022-07-14 00:00:00-04:00,145.42282104492188
2022-07-15 00:00:00-04:00,147.08795166015625
2022-07-18 00:00:00-04:00,144.0515594482422
2022-07-19 00:00:00-04:00,147.90090942382812
2022-07-20 00:00:00-04:00,149.89898681640625
2022-07-21 00:00:00-04:00,152.16162109375
2022-07-22 00:00:00-04:00,150.92745971679688
2022-07-25 00:00:00-04:00,149.8108673095703
2022-07-26 00:00:00-04:00,148.4885711669922
2022-07-27 00:00:00-04:00,153.57205200195312
2022-07-28 00:00:00-04:00,154.12057495117188
2022-07-29 00:00:00-04:00,159.17465209960938
2022-08-01 00:00:00-04:00,158.1951904296875
2022-08-02 00:00:00-04:00,156.72596740722656
2022-08-03 00:00:00-04:00,162.7203826904297
2022-08-04 00:00:00-04:00,162.40695190429688
2022-08-05 00:00:00-04:00,162.18136596679688
2022-08-08 00:00:00-04:00,161.71051025390625
2022-08-09 00:00:00-04:00,161.7595977783203
2022-08-10 00:00:00-04:00,165.99681091308594
2022-08-11 00:00:00-04:00,165.2611541748047
2022-08-12 00:00:00-04:00,168.80201721191406
2022-08-15 00:00:00-04:00,169.87109375
2022-08-16 00:00:00-04:00,169.71417236328125
2022-08-17 00:00:00-04:00,171.20504760742188
2022-08-18 00:00:00-04:00,170.8126983642578
2022-08-19 00:00:00-04:00,168.23309326171875
2022-08-22 00:00:00-04:00,164.35877990722656
2022-08-23 00:00:00-04:00,164.0253143310547
2022-08-24 00:00:00-04:00,164.319580078125
2022-08-25 00:00:00-04:00,166.77163696289062
2022-08-26 00:00:00-04:00,160.4844970703125
2022-08-29 00:00:00-04:00,158.28741455078125
2022-08-30 00:00:00-04:00,155.86477661132812
2022-08-31 00:00:00-04:00,154.2071075439453
2022-09-01 00:00:00-04:00,154.93299865722656
2022-09-02 00:00:00-04:00,152.82415771484375
2022-09-06 00:00:00-04:00,151.56871032714844
2022-09-07 00:00:00-04:00,152.97128295898438
2022-09-08 00:00:00-04:00,151.50003051757812
2022-09-09 00:00:00-04:00,154.35427856445312
2022-09-12 00:00:00-04:00,160.29812622070312
2022-09-13 00:00:00-04:00,150.8918914794922
2022-09-14 00:00:00-04:00,152.33377075195312
2022-09-15 00:00:00-04:00,149.4500732421875
2022-09-16 00:00:00-04:00,147.8120880126953
2022-09-19 00:00:00-04:00,151.51962280273438
2022-09-20 00:00:00-04:00,153.8932647705078
2022-09-21 00:00:00-04:00,150.77423095703125
2022-09-22 00:00:00-04:00,149.81301879882812
2022-09-23 00:00:00-04:00,147.54727172851562
2022-09-26 00:00:00-04:00,147.88075256347656
2022-09-27 00:00:00-04:00,148.85179138183594
2022-09-28 00:00:00-04:00,146.96856689453125
2022-09-29 00:00:00-04:00,139.7496337890625
2022-09-30 00:00:00-04:00,135.55162048339844
2022-10-03 00:00:00-04:00,139.72019958496094
2022-10-04 00:00:00-04:00,143.3002471923828
2022-10-05 00:00:00-04:00,143.59449768066406
2022-10-06 00:00:00-04:00,142.64308166503906
2022-10-07 00:00:00-04:00,137.4053955078125
2022-10-10 00:00:00-04:00,137.72911071777344
2022-10-11 00:00:00-04:00,136.31668090820312
2022-10-12 00:00:00-04:00,135.68898010253906
2022-10-13 00:00:00-04:00,140.24981689453125
2022-10-14 00:00:00-04:00,135.72816467285156
2022-10-17 00:00:00-04:00,139.6809539794922
2022-10-18 00:00:00-04:00,140.99525451660156
2022-10-19 00:00:00-04:00,141.1031494140625
2022-10-20 00:00:00-04:00,140.64218139648438
2022-10-21 00:00:00-04:00,144.44781494140625
2022-10-24 00:00:00-04:00,146.5860595703125
2022-10-25 00:00:00-04:00,149.420654296875
2022-10-26 00:00:00-04:00,146.4879608154297
2022-10-27 00:00:00-04:00,142.02516174316406
2022-10-28 00:00:00-04:00,152.7554931640625
2022-10-31 00:00:00-04:00,150.40150451660156
2022-11-01 00:00:00-04:00,147.76303100585938
2022-11-02 00:00:00-04:00,142.25076293945312
2022-11-03 00:00:00-04:00,136.21859741210938
2022-11-04 00:00:00-04:00,135.9532928466797
2022-11-07 00:00:00-05:00,136.48385620117188
2022-11-08 00:00:00-05:00,137.05368041992188
2022-11-09 00:00:00-05:00,132.5048828125
2022-11-10 00:00:00-05:00,144.29446411132812
2022-11-11 00:00:00-05:00,147.0748291015625
2022-11-14 00:00:00-05:00,145.67971801757812
2022-11-15 00:00:00-05:00,147.4088592529297
2022-11-16 00:00:00-05:00,146.18075561523438
2022-11-17 00:00:00-05:00,148.07693481445312
2022-11-18 00:00:00-05:00,148.63693237304688
2022-11-21 00:00:00-05:00,145.4144287109375
2022-11-22 00:00:00-05:00,147.54641723632812
2022-11-23 00:00:00-05:00,148.42080688476562
2022-11-25 00:00:00-05:00,145.5126953125
2022-11-28 00:00:00-05:00,141.69090270996094
2022-11-29 00:00:00-05:00,138.6943817138672
2022-11-30 00:00:00-05:00,145.43409729003906
2022-12-01 00:00:00-05:00,145.70921325683594
2022-12-02 00:00:00-05:00,145.21798706054688
2022-12-05 00:00:00-05:00,144.0586700439453
2022-12-06 00:00:00-05:00,140.4038848876953
2022-12-07 00:00:00-05:00,138.46847534179688
2022-12-08 00:00:00-05:00,140.14846801757812
2022-12-09 00:00:00-05:00,139.66705322265625
2022-12-12 00:00:00-05:00,141.95619201660156
2022-12-13 00:00:00-05:00,142.91897583007812
2022-12-14 00:00:00-05:00,140.69862365722656
2022-12-15 00:00:00-05:00,134.1063232421875
2022-12-16 00:00:00-05:00,132.1511993408203
2022-12-19 00:00:00-05:00,130.04872131347656
2022-12-20 00:00:00-05:00,129.97996520996094
2022-12-21 00:00:00-05:00,133.07470703125
2022-12-22 00:00:00-05:00,129.91119384765625
2022-12-23 00:00:00-05:00,129.54766845703125
2022-12-27 00:00:00-05:00,127.74974822998047
2022-12-28 00:00:00-05:00,123.82971954345703
2022-12-29 00:00:00-05:00,127.33710479736328
2022-12-30 00:00:00-05:00,127.65150451660156
2023-01-03 00:00:00-05:00,122.87674713134766
2023-01-04 00:00:00-05:00,124.14411163330078
2023-01-05 00:00:00-05:00,122.82762908935547
2023-01-06 00:00:00-05:00,127.34693908691406
2023-01-09 00:00:00-05:00,127.86763763427734
2023-01-10 00:00:00-05:00,128.43748474121094
2023-01-11 00:00:00-05:00,131.1490936279297
2023-01-12 00:00:00-05:00,131.0705108642578
2023-01-13 00:00:00-05:00,132.3968048095703
2023-01-17 00:00:00-05:00,133.55613708496094
2023-01-18 00:00:00-05:00,132.83895874023438
2023-01-19 00:00:00-05:00,132.8978729248047
2023-01-20 00:00:00-05:00,135.45225524902344
2023-01-23 00:00:00-05:00,138.63546752929688
2023-01-24 00:00:00-05:00,140.03054809570312
2023-01-25 00:00:00-05:00,139.37229919433594
2023-01-26 00:00:00-05:00,141.43545532226562
2023-01-27 00:00:00-05:00,143.37091064453125
2023-01-30 00:00:00-05:00,140.4923095703125
2023-01-31 00:00:00-05:00,141.7597198486328
2023-02-01 00:00:00-05:00,142.87969970703125
2023-02-02 00:00:00-05:00,148.17520141601562
2023-02-03 00:00:00-05:00,151.79067993164062
2023-02-06 00:00:00-05:00,149.06919860839844
2023-02-07 00:00:00-05:00,151.9380340576172
2023-02-08 00:00:00-05:00,149.25587463378906
2023-02-09 00:00:00-05:00,148.2242889404297
2023-02-10 00:00:00-05:00,148.58834838867188
2023-02-13 00:00:00-05:00,151.38284301757812
2023-02-14 00:00:00-05:00,150.74325561523438
2023-02-15 00:00:00-05:00,152.83909606933594
2023-02-16 00:00:00-05:00,151.24508666992188
2023-02-17 00:00:00-05:00,150.1036834716797
2023-02-21 00:00:00-05:00,146.0989532470703
2023-02-22 00:00:00-05:00,146.52203369140625
2023-02-23 00:00:00-05:00,147.0041961669922
2023-02-24 00:00:00-05:00,144.3573455810547
2023-02-27 00:00:00-05:00,145.54791259765625
2023-02-28 00:00:00-05:00,145.04611206054688
2023-03-01 00:00:00-05:00,142.97976684570312
2023-03-02 00:00:00-05:00,143.57017517089844
2023-03-03 00:00:00-05:00,148.60804748535156
2023-03-06 00:00:00-05:00,151.36314392089844
2023-03-07 00:00:00-05:00,149.16888427734375
2023-03-08 00:00:00-05:00,150.4185791015625
2023-03-09 00:00:00-05:00,148.17510986328125
2023-03-10 00:00:00-05:00,146.11862182617188
2023-03-13 00:00:00-04:00,148.05703735351562
2023-03-14 00:00:00-04:00,150.14303588867188
2023-03-15 00:00:00-04:00,150.53663635253906
2023-03-16 00:00:00-04:00,153.35076904296875
2023-03-17 00:00:00-04:00,152.514404296875
2023-03-20 00:00:00-04:00,154.87591552734375
2023-03-21 00:00:00-04:00,156.72576904296875
2023-03-22 00:00:00-04:00,155.29901123046875
2023-03-23 00:00:00-04:00,156.38136291503906
2023-03-24 00:00:00-04:00,157.68019104003906
2023-03-27 00:00:00-04:00,155.7417755126953
2023-03-28 00:00:00-04:00,155.12188720703125
2023-03-29 00:00:00-04:00,158.19186401367188
2023-03-30 00:00:00-04:00,159.75636291503906
2023-03-31 00:00:00-04:00,162.25563049316406
2023-04-03 00:00:00-04:00,163.50527954101562
2023-04-04 00:00:00-04:00,162.97390747070312
2023-04-05 00:00:00-04:00,161.13389587402344
2023-04-06 00:00:00-04:00,162.01947021484375
2023-04-10 00:00:00-04:00,159.4316864013672
2023-04-11 00:00:00-04:00,158.2213897705078
2023-04-12 00:00:00-04:00,157.53262329101562
2023-04-13 00:00:00-04:00,162.9050750732422
2023-04-14 00:00:00-04:00,162.5606689453125
2023-04-17 00:00:00-04:00,162.580322265625
2023-04-18 00:00:00-04:00,163.80044555664062
2023-04-19 00:00:00-04:00,164.94186401367188
2023-04-20 00:00:00-04:00,163.97755432128906
2023-04-21 00:00:00-04:00,162.3737030029297
2023-04-24 00:00:00-04:00,162.67872619628906
2023-04-25 00:00:00-04:00,161.14373779296875
2023-04-26 00:00:00-04:00,161.13389587402344
2023-04-27 00:00:00-04:00,165.70932006835938
2023-04-28 00:00:00-04:00,166.95896911621094
2023-05-01 00:00:00-04:00,166.8704376220703
2023-05-02 00:00:00-04:00,165.83726501464844
2023-05-03 00:00:00-04:00,164.76475524902344
2023-05-04 00:00:00-04:00,163.13131713867188
2023-05-05 00:00:00-04:00,170.78660583496094
2023-05-08 00:00:00-04:00,170.71771240234375
2023-05-09 00:00:00-04:00,169.0154571533203
2023-05-10 00:00:00-04:00,170.77674865722656
2023-05-11 00:00:00-04:00,170.9636993408203
2023-05-12 00:00:00-04:00,170.03749084472656
2023-05-15 00:00:00-04:00,169.5448760986328
2023-05-16 00:00:00-04:00,169.5448760986328
2023-05-17 00:00:00-04:00,170.15574645996094
2023-05-18 00:00:00-04:00,172.48114013671875
2023-05-19 00:00:00-04:00,172.58949279785156
2023-05-22 00:00:00-04:00,171.64361572265625
2023-05-23 00:00:00-04:00,169.04232788085938
2023-05-24 00:00:00-04:00,169.3182373046875
2023-05-25 00:00:00-04:00,170.45132446289062
2023-05-26 00:00:00-04:00,172.8555145263672
2023-05-30 00:00:00-04:00,174.6980743408203
2023-05-31 00:00:00-04:00,174.64881896972656
2023-06-01 00:00:00-04:00,177.44717407226562
2023-06-02 00:00:00-04:00,178.29454040527344
2023-06-05 00:00:00-04:00,176.94461059570312
2023-06-06 00:00:00-04:00,176.580078125
2023-06-07 00:00:00-04:00,175.21047973632812
2023-06-08 00:00:00-04:00,177.92010498046875
2023-06-09 00:00:00-04:00,178.30438232421875
2023-06-12 00:00:00-04:00,181.09283447265625
2023-06-13 00:00:00-04:00,180.61988830566406
2023-06-14 00:00:00-04:00,181.25050354003906
2023-06-15 00:00:00-04:00,183.28030395507812
2023-06-16 00:00:00-04:00,182.2062530517578
2023-06-20 00:00:00-04:00,182.29495239257812
2023-06-21 00:00:00-04:00,181.26034545898438
2023-06-22 00:00:00-04:00,184.2557373046875
2023-06-23 00:00:00-04:00,183.9404296875
2023-06-26 00:00:00-04:00,182.55111694335938
2023-06-27 00:00:00-04:00,185.3001708984375
2023-06-28 00:00:00-04:00,186.47274780273438
2023-06-29 00:00:00-04:00,186.80775451660156
2023-06-30 00:00:00-04:00,191.12344360351562
2023-07-03 00:00:00-04:00,189.63563537597656
2023-07-05 00:00:00-04:00,188.522216796875
2023-07-06 00:00:00-04:00,188.99514770507812
2023-07-07 00:00:00-04:00,187.88174438476562
2023-07-10 00:00:00-04:00,185.8421630859375
2023-07-11 00:00:00-04:00,185.31988525390625
2023-07-12 00:00:00-04:00,186.98509216308594
2023-07-13 00:00:00-04:00,187.7437744140625
2023-07-14 00:00:00-04:00,187.8916015625
2023-07-17 00:00:00-04:00,191.14315795898438
2023-07-18 00:00:00-04:00,190.88697814941406
2023-07-19 00:00:00-04:00,192.23687744140625
2023-07-20 00:00:00-04:00,190.29576110839844
2023-07-21 00:00:00-04:00,189.1232452392578
2023-07-24 00:00:00-04:00,189.92137145996094
2023-07-25 00:00:00-04:00,190.77857971191406
2023-07-26 00:00:00-04:00,191.64566040039062
2023-07-27 00:00:00-04:00,190.3844757080078
2023-07-28 00:00:00-04:00,192.9561767578125
2023-07-31 00:00:00-04:00,193.56704711914062
2023-08-01 00:00:00-04:00,192.73941040039062
2023-08-02 00:00:00-04:00,189.75387573242188
2023-08-03 00:00:00-04:00,188.36456298828125
2023-08-04 00:00:00-04:00,179.31930541992188
2023-08-07 00:00:00-04:00,176.22535705566406
2023-08-08 00:00:00-04:00,177.16140747070312
2023-08-09 00:00:00-04:00,175.5749969482422
2023-08-10 00:00:00-04:00,175.35826110839844
2023-08-11 00:00:00-04:00,175.41744995117188
2023-08-14 00:00:00-04:00,177.06517028808594
2023-08-15 00:00:00-04:00,175.0819854736328
2023-08-16 00:00:00-04:00,174.2137451171875
2023-08-17 00:00:00-04:00,171.67803955078125
2023-08-18 00:00:00-04:00,172.1614990234375
2023-08-21 00:00:00-04:00,173.4934844970703
2023-08-22 00:00:00-04:00,174.8649444580078
2023-08-23 00:00:00-04:00,178.7030487060547
2023-08-24 00:00:00-04:00,174.02630615234375
2023-08-25 00:00:00-04:00,176.22650146484375
2023-08-28 00:00:00-04:00,177.78546142578125
2023-08-29 00:00:00-04:00,181.66299438476562
2023-08-30 00:00:00-04:00,185.1458740234375
2023-08-31 00:00:00-04:00,185.36293029785156
2023-09-01 00:00:00-04:00,186.93173217773438
2023-09-05 00:00:00-04:00,187.16851806640625
2023-09-06 00:00:00-04:00,180.46914672851562
2023-09-07 00:00:00-04:00,175.1905059814453
2023-09-08 00:00:00-04:00,175.80226135253906
2023-09-11 00:00:00-04:00,176.96652221679688
2023-09-12 00:00:00-04:00,173.9473419189453
2023-09-13 00:00:00-04:00,171.88525390625
2023-09-14 00:00:00-04:00,173.3948211669922
2023-09-15 00:00:00-04:00,172.67454528808594
2023-09-18 00:00:00-04:00,175.5950469970703
2023-09-19 00:00:00-04:00,176.68038940429688
2023-09-20 00:00:00-04:00,173.14816284179688
2023-09-21 00:00:00-04:00,171.6089630126953
2023-09-22 00:00:00-04:00,172.45748901367188
2023-09-25 00:00:00-04:00,173.7302703857422
2023-09-26 00:00:00-04:00,169.665283203125
2023-09-27 00:00:00-04:00,168.1556854248047
2023-09-28 00:00:00-04:00,168.41220092773438
2023-09-29 00:00:00-04:00,168.92526245117188
2023-10-02 00:00:00-04:00,171.43138122558594
2023-10-03 00:00:00-04:00,170.09934997558594
2023-10-04 00:00:00-04:00,171.34259033203125
2023-10-05 00:00:00-04:00,172.57589721679688
2023-10-06 00:00:00-04:00,175.12147521972656
2023-10-09 00:00:00-04:00,176.6014404296875
2023-10-10 00:00:00-04:00,176.0094451904297
2023-10-11 00:00:00-04:00,177.40065002441406
2023-10-12 00:00:00-04:00,178.29852294921875
2023-10-13 00:00:00-04:00,176.4633331298828
2023-10-16 00:00:00-04:00,176.3350830078125
2023-10-17 00:00:00-04:00,174.78599548339844
2023-10-18 00:00:00-04:00,173.4934844970703
2023-10-19 00:00:00-04:00,173.11856079101562
2023-10-20 00:00:00-04:00,170.572998046875
2023-10-23 00:00:00-04:00,170.6913604736328
2023-10-24 00:00:00-04:00,171.12548828125
2023-10-25 00:00:00-04:00,168.81674194335938
2023-10-26 00:00:00-04:00,164.6629180908203
2023-10-27 00:00:00-04:00,165.97518920898438
2023-10-30 00:00:00-04:00,168.01754760742188
2023-10-31 00:00:00-04:00,168.4911651611328
2023-11-01 00:00:00-04:00,171.6484375
2023-11-02 00:00:00-04:00,175.20040893554688
2023-11-03 00:00:00-04:00,174.2926788330078
2023-11-06 00:00:00-05:00,176.8382568359375
2023-11-07 00:00:00-05:00,179.3936767578125
2023-11-08 00:00:00-05:00,180.4493865966797
2023-11-09 00:00:00-05:00,179.97581481933594
2023-11-10 00:00:00-05:00,184.15484619140625
2023-11-13 00:00:00-05:00,182.57415771484375
2023-11-14 00:00:00-05:00,185.18231201171875
2023-11-15 00:00:00-05:00,185.7454376220703
2023-11-16 00:00:00-05:00,187.4250030517578
2023-11-17 00:00:00-05:00,187.40524291992188
2023-11-20 00:00:00-05:00,189.14402770996094
2023-11-21 00:00:00-05:00,188.3437957763672
2023-11-22 00:00:00-05:00,189.0057373046875
2023-11-24 00:00:00-05:00,187.681884765625
2023-11-27 00:00:00-05:00,187.5040283203125
2023-11-28 00:00:00-05:00,188.10665893554688
2023-11-29 00:00:00-05:00,187.08909606933594
2023-11-30 00:00:00-05:00,187.66207885742188
2023-12-01 00:00:00-05:00,188.93655395507812
2023-12-04 00:00:00-05:00,187.14833068847656
2023-12-05 00:00:00-05:00,191.09030151367188
2023-12-06 00:00:00-05:00,190.00355529785156
2023-12-07 00:00:00-05:00,191.93006896972656
2023-12-08 00:00:00-05:00,193.3527069091797
2023-12-11 00:00:00-05:00,190.85317993164062
2023-12-12 00:00:00-05:00,192.36476135253906
2023-12-13 00:00:00-05:00,195.5756378173828
2023-12-14 00:00:00-05:00,195.72381591796875
2023-12-15 00:00:00-05:00,195.19032287597656
2023-12-18 00:00:00-05:00,193.53057861328125
2023-12-19 00:00:00-05:00,194.5679168701172
2023-12-20 00:00:00-05:00,192.48333740234375
2023-12-21 00:00:00-05:00,192.3351287841797
2023-12-22 00:00:00-05:00,191.26815795898438
2023-12-26 00:00:00-05:00,190.72474670410156
2023-12-27 00:00:00-05:00,190.8235321044922
2023-12-28 00:00:00-05:00,191.24838256835938
2023-12-29 00:00:00-05:00,190.21102905273438
2024-01-02 00:00:00-05:00,183.4040069580078
2024-01-03 00:00:00-05:00,182.03073120117188
2024-01-04 00:00:00-05:00,179.71893310546875
2024-01-05 00:00:00-05:00,178.99771118164062
2024-01-08 00:00:00-05:00,183.32496643066406
2024-01-09 00:00:00-05:00,182.91001892089844
2024-01-10 00:00:00-05:00,183.9473876953125
2024-01-11 00:00:00-05:00,183.35459899902344
2024-01-12 00:00:00-05:00,183.6806182861328
2024-01-16 00:00:00-05:00,181.41822814941406
2024-01-17 00:00:00-05:00,180.47962951660156
2024-01-18 00:00:00-05:00,186.3579864501953
2024-01-19 00:00:00-05:00,189.25271606445312
2024-01-22 00:00:00-05:00,191.55462646484375
2024-01-23 00:00:00-05:00,192.82911682128906
2024-01-24 00:00:00-05:00,192.1573028564453
2024-01-25 00:00:00-05:00,191.83126831054688
2024-01-26 00:00:00-05:00,190.1023406982422
2024-01-29 00:00:00-05:00,189.42066955566406
2024-01-30 00:00:00-05:00,185.77513122558594
2024-01-31 00:00:00-05:00,182.17892456054688
2024-02-01 00:00:00-05:00,184.6092987060547
2024-02-02 00:00:00-05:00,183.6114959716797
2024-02-05 00:00:00-05:00,185.41941833496094
2024-02-06 00:00:00-05:00,187.01995849609375
2024-02-07 00:00:00-05:00,187.12863159179688
2024-02-08 00:00:00-05:00,186.05174255371094
2024-02-09 00:00:00-05:00,186.8134307861328
2024-02-12 00:00:00-05:00,185.1317596435547
2024-02-13 00:00:00-05:00,183.04452514648438
2024-02-14 00:00:00-05:00,182.16409301757812
2024-02-15 00:00:00-05:00,181.87721252441406
2024-02-16 00:00:00-05:00,180.34396362304688
2024-02-20 00:00:00-05:00,179.60203552246094
2024-02-21 00:00:00-05:00,180.35386657714844
2024-02-22 00:00:00-05:00,182.38174438476562
2024-02-23 00:00:00-05:00,180.5516815185547
2024-02-26 00:00:00-05:00,179.2063751220703
2024-02-27 00:00:00-05:00,180.66049194335938
2024-02-28 00:00:00-05:00,179.4635467529297
2024-02-29 00:00:00-05:00,178.80076599121094
2024-03-01 00:00:00-05:00,177.72250366210938
2024-03-04 00:00:00-05:00,173.2117156982422
2024-03-05 00:00:00-05:00,168.28538513183594
2024-03-06 00:00:00-05:00,167.2961883544922
2024-03-07 00:00:00-05:00,167.177490234375
2024-03-08 00:00:00-05:00,168.8888397216797
2024-03-11 00:00:00-04:00,170.8870391845703
2024-03-12 00:00:00-04:00,171.3618927001953
2024-03-13 00:00:00-04:00,169.28453063964844
2024-03-14 00:00:00-04:00,171.13433837890625
2024-03-15 00:00:00-04:00,170.7584228515625
2024-03-18 00:00:00-04:00,171.84658813476562
2024-03-19 00:00:00-04:00,174.18115234375
2024-03-20 00:00:00-04:00,176.7432098388672
2024-03-21 00:00:00-04:00,169.52191162109375
2024-03-22 00:00:00-04:00,170.42213439941406
2024-03-25 00:00:00-04:00,169.00753784179688
2024-03-26 00:00:00-04:00,167.87985229492188
2024-03-27 00:00:00-04:00,171.44102478027344
2024-03-28 00:00:00-04:00,169.63072204589844
2024-04-01 00:00:00-04:00,168.19639587402344
2024-04-02 00:00:00-04:00,167.0192108154297
2024-04-03 00:00:00-04:00,167.82046508789062
2024-04-04 00:00:00-04:00,166.99945068359375
2024-04-05 00:00:00-04:00,167.75123596191406
2024-04-08 00:00:00-04:00,166.63340759277344
2024-04-09 00:00:00-04:00,167.84024047851562
2024-04-10 00:00:00-04:00,165.9706268310547
2024-04-11 00:00:00-04:00,173.15234375
2024-04-12 00:00:00-04:00,174.64608764648438
2024-04-15 00:00:00-04:00,170.8276824951172
2024-04-16 00:00:00-04:00,167.5533905029297
2024-04-17 00:00:00-04:00,166.1882781982422
2024-04-18 00:00:00-04:00,165.2386016845703
2024-04-19 00:00:00-04:00,163.2206268310547
2024-04-22 00:00:00-04:00,164.0515594482422
2024-04-23 00:00:00-04:00,165.10011291503906
2024-04-24 00:00:00-04:00,167.197265625
2024-04-25 00:00:00-04:00,168.05789184570312
2024-04-26 00:00:00-04:00,167.4742431640625
2024-04-29 00:00:00-04:00,171.6289520263672
2024-04-30 00:00:00-04:00,168.49313354492188
2024-05-01 00:00:00-04:00,167.4742431640625
2024-05-02 00:00:00-04:00,171.16403198242188
2024-05-03 00:00:00-04:00,181.4024200439453
2024-05-06 00:00:00-04:00,179.7504425048828
2024-05-07 00:00:00-04:00,180.43296813964844
2024-05-08 00:00:00-04:00,180.7693328857422
2024-05-09 00:00:00-04:00,182.57958984375
2024-05-10 00:00:00-04:00,181.32159423828125
2024-05-13 00:00:00-04:00,184.52108764648438
2024-05-14 00:00:00-04:00,185.66021728515625
2024-05-15 00:00:00-04:00,187.9285888671875
2024-05-16 00:00:00-04:00,188.04747009277344
2024-05-17 00:00:00-04:00,188.07716369628906
2024-05-20 00:00:00-04:00,189.2361297607422
2024-05-21 00:00:00-04:00,190.5337677001953
2024-05-22 00:00:00-04:00,189.09744262695312
2024-05-23 00:00:00-04:00,185.1154327392578
2024-05-24 00:00:00-04:00,188.18614196777344
2024-05-28 00:00:00-04:00,188.19602966308594
2024-05-29 00:00:00-04:00,188.4932098388672
2024-05-30 00:00:00-04:00,189.4837646484375
2024-05-31 00:00:00-04:00,190.43470764160156
2024-06-03 00:00:00-04:00,192.19790649414062
2024-06-04 00:00:00-04:00,192.51487731933594
2024-06-05 00:00:00-04:00,194.02052307128906
2024-06-06 00:00:00-04:00,192.64364624023438
2024-06-07 00:00:00-04:00,195.0309295654297
2024-06-10 00:00:00-04:00,191.29647827148438
2024-06-11 00:00:00-04:00,205.19400024414062
2024-06-12 00:00:00-04:00,211.05813598632812
2024-06-13 00:00:00-04:00,212.2170867919922
2024-06-14 00:00:00-04:00,210.48361206054688
2024-06-17 00:00:00-04:00,214.62411499023438
2024-06-18 00:00:00-04:00,212.26658630371094
2024-06-20 00:00:00-04:00,207.70013427734375
2024-06-21 00:00:00-04:00,205.53082275390625
2024-06-24 00:00:00-04:00,206.1746826171875
2024-06-25 00:00:00-04:00,207.0959014892578
2024-06-26 00:00:00-04:00,211.23643493652344
2024-06-27 00:00:00-04:00,212.07839965820312
2024-06-28 00:00:00-04:00,208.63125610351562
2024-07-01 00:00:00-04:00,214.703369140625
2024-07-02 00:00:00-04:00,218.19015502929688
2024-07-03 00:00:00-04:00,219.4580535888672
2024-07-05 00:00:00-04:00,224.20278930664062
2024-07-08 00:00:00-04:00,225.66883850097656
2024-07-09 00:00:00-04:00,226.5207061767578
2024-07-10 00:00:00-04:00,230.78012084960938
2024-07-11 00:00:00-04:00,225.42120361328125
2024-07-12 00:00:00-04:00,228.3631591796875
2024-07-15 00:00:00-04:00,232.1867218017578
2024-07-16 00:00:00-04:00,232.6027374267578
2024-07-17 00:00:00-04:00,226.71884155273438
2024-07-18 00:00:00-04:00,222.06320190429688
2024-07-19 00:00:00-04:00,222.1919708251953
2024-07-22 00:00:00-04:00,221.8452911376953
2024-07-23 00:00:00-04:00,222.88539123535156
2024-07-24 00:00:00-04:00,216.47647094726562
2024-07-25 00:00:00-04:00,215.43638610839844
2024-07-26 00:00:00-04:00,215.9019317626953
2024-07-29 00:00:00-04:00,216.17930603027344
2024-07-30 00:00:00-04:00,216.73402404785156
2024-07-31 00:00:00-04:00,219.98306274414062
2024-08-01 00:00:00-04:00,216.29815673828125
2024-08-02 00:00:00-04:00,217.7839813232422
2024-08-05 00:00:00-04:00,207.2940216064453
2024-08-06 00:00:00-04:00,205.27325439453125
2024-08-07 00:00:00-04:00,207.8388214111328
2024-08-08 00:00:00-04:00,211.29583740234375
2024-08-09 00:00:00-04:00,214.19821166992188
2024-08-12 00:00:00-04:00,215.72540283203125
2024-08-13 00:00:00-04:00,219.43438720703125
2024-08-14 00:00:00-04:00,219.88064575195312
2024-08-15 00:00:00-04:00,222.85577392578125
2024-08-16 00:00:00-04:00,224.1747283935547
2024-08-19 00:00:00-04:00,224.01605224609375
2024-08-20 00:00:00-04:00,224.6309051513672
2024-08-21 00:00:00-04:00,224.5218505859375
2024-08-22 00:00:00-04:00,222.66734313964844
2024-08-23 00:00:00-04:00,224.9581756591797
2024-08-26 00:00:00-04:00,225.29534912109375
2024-08-27 00:00:00-04:00,226.1383056640625
2024-08-28 00:00:00-04:00,224.611083984375
2024-08-29 00:00:00-04:00,227.8837127685547
2024-08-30 00:00:00-04:00,227.1002655029297
2024-09-03 00:00:00-04:00,220.9219512939453
2024-09-04 00:00:00-04:00,219.01788330078125
2024-09-05 00:00:00-04:00,220.53518676757812
2024-09-06 00:00:00-04:00,218.9881134033203
2024-09-09 00:00:00-04:00,219.077392578125
2024-09-10 00:00:00-04:00,218.28402709960938
2024-09-11 00:00:00-04:00,220.81288146972656
2024-09-12 00:00:00-04:00,220.9219512939453
2024-09-13 00:00:00-04:00,220.65415954589844
2024-09-16 00:00:00-04:00,214.52548217773438
2024-09-17 00:00:00-04:00,214.99154663085938
2024-09-18 00:00:00-04:00,218.8591766357422
2024-09-19 00:00:00-04:00,226.97134399414062
2024-09-20 00:00:00-04:00,226.30690002441406
2024-09-23 00:00:00-04:00,224.59124755859375
2024-09-24 00:00:00-04:00,225.48377990722656
2024-09-25 00:00:00-04:00,224.49208068847656
2024-09-26 00:00:00-04:00,225.63253784179688
2024-09-27 00:00:00-04:00,225.90028381347656
2024-09-30 00:00:00-04:00,231.0670928955078
2024-10-01 00:00:00-04:00,224.33340454101562
2024-10-02 00:00:00-04:00,224.89866638183594
2024-10-03 00:00:00-04:00,223.79788208007812
2024-10-04 00:00:00-04:00,224.91851806640625
2024-10-07 00:00:00-04:00,219.8509063720703
2024-10-08 00:00:00-04:00,223.89706420898438
2024-10-09 00:00:00-04:00,227.63580322265625
2024-10-10 00:00:00-04:00,227.139892578125
2024-10-11 00:00:00-04:00,225.66229248046875
2024-10-14 00:00:00-04:00,229.3811798095703
2024-10-15 00:00:00-04:00,231.9100341796875
2024-10-16 00:00:00-04:00,229.85719299316406
2024-10-17 00:00:00-04:00,230.22415161132812
2024-10-18 00:00:00-04:00,233.0504608154297
2024-10-21 00:00:00-04:00,234.5181884765625
2024-10-22 00:00:00-04:00,233.9033660888672
2024-10-23 00:00:00-04:00,228.8456573486328
2024-10-24 00:00:00-04:00,228.65725708007812
2024-10-25 00:00:00-04:00,229.49026489257812
2024-10-28 00:00:00-04:00,231.46372985839844
2024-10-29 00:00:00-04:00,231.73150634765625
2024-10-30 00:00:00-04:00,228.19114685058594
2024-10-31 00:00:00-04:00,224.03591918945312
2024-11-01 00:00:00-04:00,221.060791015625
2024-11-04 00:00:00-05:00,220.16822814941406
2024-11-05 00:00:00-05:00,221.59629821777344
2024-11-06 00:00:00-05:00,220.87234497070312
2024-11-07 00:00:00-05:00,225.59288024902344
2024-11-08 00:00:00-05:00,225.32481384277344
2024-11-11 00:00:00-05:00,222.61448669433594
2024-11-12 00:00:00-05:00,222.61448669433594
2024-11-13 00:00:00-05:00,223.49807739257812
2024-11-14 00:00:00-05:00,226.57574462890625
2024-11-15 00:00:00-05:00,223.37892150878906
2024-11-18 00:00:00-05:00,226.377197265625
2024-11-19 00:00:00-05:00,226.6352996826172
2024-11-20 00:00:00-05:00,227.35011291503906
2024-11-21 00:00:00-05:00,226.8735809326172
2024-11-22 00:00:00-05:00,228.21383666992188
2024-11-25 00:00:00-05:00,231.19224548339844
2024-11-26 00:00:00-05:00,233.366455078125
2024-11-27 00:00:00-05:00,233.23739624023438
2024-11-29 00:00:00-05:00,235.6201171875
2024-12-02 00:00:00-05:00,237.86380004882812
2024-12-03 00:00:00-05:00,240.90176391601562
2024-12-04 00:00:00-05:00,241.2591552734375
2024-12-05 00:00:00-05:00,241.28895568847656
2024-12-06 00:00:00-05:00,241.09039306640625
2024-12-09 00:00:00-05:00,244.9722442626953
2024-12-10 00:00:00-05:00,245.98487854003906
2024-12-11 00:00:00-05:00,244.714111328125
2024-12-12 00:00:00-05:00,246.1735076904297
2024-12-13 00:00:00-05:00,246.34230041503906
2024-12-16 00:00:00-05:00,249.2313232421875
2024-12-17 00:00:00-05:00,251.65371704101562
2024-12-18 00:00:00-05:00,246.2628631591797
2024-12-19 00:00:00-05:00,247.9903106689453
2024-12-20 00:00:00-05:00,252.65646362304688
2024-12-23 00:00:00-05:00,253.43087768554688
2024-12-24 00:00:00-05:00,256.3397521972656
2024-12-26 00:00:00-05:00,257.15380859375
2024-12-27 00:00:00-05:00,253.74853515625
2024-12-30 00:00:00-05:00,250.3829803466797
